Invoice_ID,Branch	,City	,Year,	Month,	Customer_type,	Gender,	Product_line,	Unit_price,	Quantity,	Tax, 	Total,Payment,	cost_of_good_sold	,gross_margin_percentage,	gross_income,Rating
 750-67-8428,A,Yangon,2019,January,Member,Female,Health and beauty,75,7,26,549,Ewallet,523,5,26,9
226-31-3081,C,Naypyitaw,2019,March,Normal,Female,Electronic accessories,15,5,4,80,Cash,76,5,4,10
631-41-3108,A,Yangon,2019,March,Normal,Male,Home and lifestyle,46,7,16,341,Credit card,324,5,16,7
123-19-1176,A,Yangon,2019,January,Member,Male,Health and beauty,58,8,23,489,Ewallet,466,5,23,8
373-73-7910,A,Yangon,2019,February,Normal,Male,Sports and travel,86,7,30,634,Ewallet,604,5,30,5
699-14-3026,C,Naypyitaw,2019,March,Normal,Male,Electronic accessories,85,7,30,628,Ewallet,598,5,30,4
355-53-5943,A,Yangon,2019,February,Member,Female,Electronic accessories,69,6,21,434,Ewallet,413,5,21,6
315-22-5665,C,Naypyitaw,2019,February,Normal,Female,Home and lifestyle,74,10,37,772,Ewallet,736,5,37,8
665-32-9167,A,Yangon,2019,January,Member,Female,Health and beauty,36,2,4,76,Credit card,73,5,4,7
692-92-5582,B,Mandalay,2019,February,Member,Female,Food and beverages,55,3,8,173,Credit card,165,5,8,6
351-62-0822,B,Mandalay,2019,February,Member,Female,Fashion accessories,15,4,3,61,Ewallet,58,5,3,5
529-56-3974,B,Mandalay,2019,March,Member,Male,Electronic accessories,26,4,5,107,Cash,102,5,5,7
365-64-0515,A,Yangon,2019,February,Normal,Female,Electronic accessories,47,5,12,246,Ewallet,235,5,12,7
252-56-2699,A,Yangon,2019,February,Normal,Male,Food and beverages,43,10,22,454,Ewallet,432,5,22,8
829-34-3910,A,Yangon,2019,March,Normal,Female,Health and beauty,71,10,36,749,Cash,714,5,36,6
299-46-1805,B,Mandalay,2019,January,Member,Female,Sports and travel,94,6,28,590,Cash,562,5,28,5
656-95-9349,A,Yangon,2019,March,Member,Female,Health and beauty,69,7,24,507,Credit card,483,5,24,5
765-26-6951,A,Yangon,2019,January,Normal,Male,Sports and travel,73,6,22,457,Credit card,436,5,22,7
329-62-1586,A,Yangon,2019,January,Normal,Male,Food and beverages,55,3,8,172,Credit card,164,5,8,9
319-50-3348,B,Mandalay,2019,March,Normal,Female,Home and lifestyle,40,2,4,85,Ewallet,81,5,4,4
300-71-4605,C,Naypyitaw,2019,February,Member,Male,Electronic accessories,86,5,22,452,Ewallet,430,5,22,5
371-85-5789,B,Mandalay,2019,March,Normal,Male,Health and beauty,88,3,13,277,Ewallet,264,5,13,5
273-16-6619,B,Mandalay,2019,March,Normal,Male,Home and lifestyle,33,2,3,70,Credit card,66,5,3,4
636-48-8204,A,Yangon,2019,February,Normal,Male,Electronic accessories,35,5,9,181,Ewallet,173,5,9,10
549-59-1358,A,Yangon,2019,March,Member,Male,Sports and travel,89,3,13,279,Ewallet,266,5,13,6
227-03-5010,A,Yangon,2019,March,Member,Female,Home and lifestyle,53,8,21,442,Credit card,421,5,21,9
649-29-6775,B,Mandalay,2019,February,Normal,Male,Fashion accessories,34,1,2,35,Cash,34,5,2,7
189-17-4241,A,Yangon,2019,March,Normal,Female,Fashion accessories,88,2,9,184,Credit card,175,5,9,8
145-94-9061,B,Mandalay,2019,January,Normal,Female,Food and beverages,88,5,22,464,Cash,442,5,22,10
848-62-7243,A,Yangon,2019,March,Normal,Male,Health and beauty,25,9,11,235,Cash,224,5,11,7
871-79-8483,B,Mandalay,2019,February,Normal,Male,Fashion accessories,94,5,24,494,Credit card,471,5,24,5
149-71-6266,B,Mandalay,2019,January,Member,Male,Sports and travel,78,9,35,738,Cash,703,5,35,5
640-49-2076,B,Mandalay,2019,January,Normal,Male,Sports and travel,84,8,34,704,Cash,670,5,34,5
595-11-5460,A,Yangon,2019,March,Normal,Male,Health and beauty,97,2,10,203,Credit card,193,5,10,5
183-56-6882,C,Naypyitaw,2019,February,Member,Female,Food and beverages,99,4,20,418,Ewallet,398,5,20,8
232-16-2483,C,Naypyitaw,2019,January,Member,Female,Sports and travel,68,1,3,72,Ewallet,68,5,3,7
129-29-8530,A,Yangon,2019,March,Member,Male,Sports and travel,63,5,16,329,Ewallet,313,5,16,7
272-65-1806,A,Yangon,2019,January,Normal,Female,Electronic accessories,61,9,27,575,Ewallet,548,5,27,5
333-73-7901,C,Naypyitaw,2019,March,Normal,Female,Health and beauty,55,8,22,461,Ewallet,439,5,22,8
777-82-7220,B,Mandalay,2019,March,Member,Male,Home and lifestyle,30,8,12,253,Cash,241,5,12,8
280-35-5823,B,Mandalay,2019,January,Member,Female,Home and lifestyle,87,1,4,91,Ewallet,87,5,4,8
554-53-8700,C,Naypyitaw,2019,February,Member,Male,Home and lifestyle,56,2,6,118,Cash,112,5,6,6
354-25-5821,B,Mandalay,2019,February,Member,Female,Sports and travel,69,6,21,435,Cash,415,5,21,6
228-96-1411,C,Naypyitaw,2019,March,Member,Female,Food and beverages,99,8,40,829,Cash,790,5,39,8
617-15-4209,C,Naypyitaw,2019,March,Member,Male,Health and beauty,15,2,2,32,Cash,31,5,2,7
132-32-9879,B,Mandalay,2019,March,Member,Female,Electronic accessories,94,4,19,395,Cash,376,5,19,10
370-41-7321,B,Mandalay,2019,February,Member,Male,Health and beauty,57,9,26,536,Credit card,510,5,26,8
727-46-3608,B,Mandalay,2019,February,Member,Female,Food and beverages,20,9,9,189,Ewallet,180,5,9,4
669-54-1719,B,Mandalay,2019,February,Member,Male,Electronic accessories,19,6,6,119,Credit card,114,5,6,8
574-22-5561,C,Naypyitaw,2019,March,Member,Female,Fashion accessories,83,10,41,868,Ewallet,826,5,41,8
326-78-5178,C,Naypyitaw,2019,February,Member,Male,Food and beverages,91,7,32,672,Cash,640,5,32,10
162-48-8011,A,Yangon,2019,February,Member,Female,Food and beverages,45,5,11,234,Cash,223,5,11,9
616-24-2851,B,Mandalay,2019,March,Member,Female,Fashion accessories,18,4,4,75,Ewallet,71,5,4,7
778-71-5554,C,Naypyitaw,2019,January,Member,Male,Fashion accessories,15,1,1,16,Credit card,15,5,1,6
242-55-6721,B,Mandalay,2019,March,Normal,Male,Home and lifestyle,16,2,2,34,Ewallet,32,5,2,7
399-46-5918,C,Naypyitaw,2019,February,Normal,Female,Electronic accessories,86,8,34,722,Cash,688,5,34,8
106-35-6779,A,Yangon,2019,March,Member,Male,Home and lifestyle,44,2,4,93,Cash,89,5,4,6
635-40-6220,A,Yangon,2019,February,Normal,Male,Health and beauty,90,8,36,753,Ewallet,717,5,36,7
817-48-8732,A,Yangon,2019,January,Member,Female,Home and lifestyle,72,10,36,760,Cash,724,5,36,5
120-06-4233,C,Naypyitaw,2019,March,Normal,Male,Electronic accessories,31,6,9,193,Cash,184,5,9,9
285-68-5083,C,Naypyitaw,2019,February,Member,Female,Sports and travel,25,3,4,78,Credit card,74,5,4,10
803-83-5989,C,Naypyitaw,2019,February,Normal,Male,Home and lifestyle,56,6,17,351,Ewallet,334,5,17,7
347-34-2234,B,Mandalay,2019,February,Member,Female,Sports and travel,55,9,25,520,Ewallet,496,5,25,10
199-75-8169,A,Yangon,2019,March,Member,Male,Sports and travel,16,10,8,166,Credit card,158,5,8,9
853-23-2453,B,Mandalay,2019,February,Member,Male,Health and beauty,76,4,15,318,Cash,303,5,15,8
877-22-3308,A,Yangon,2019,March,Member,Male,Health and beauty,16,10,8,167,Cash,159,5,8,6
838-78-4295,C,Naypyitaw,2019,February,Normal,Female,Health and beauty,34,2,3,70,Ewallet,67,5,3,7
109-28-2512,B,Mandalay,2019,January,Member,Female,Fashion accessories,98,6,29,615,Ewallet,586,5,29,10
232-11-3025,A,Yangon,2019,January,Normal,Male,Sports and travel,79,10,39,827,Cash,788,5,39,6
382-03-4532,A,Yangon,2019,February,Member,Female,Health and beauty,18,1,1,19,Cash,18,5,1,4
393-65-2792,C,Naypyitaw,2019,January,Normal,Male,Food and beverages,90,10,45,940,Credit card,895,5,45,10
796-12-2025,C,Naypyitaw,2019,February,Normal,Male,Fashion accessories,62,10,31,652,Cash,621,5,31,6
510-95-6347,B,Mandalay,2019,March,Member,Female,Food and beverages,49,3,7,153,Ewallet,146,5,7,4
841-35-6630,C,Naypyitaw,2019,March,Normal,Female,Electronic accessories,76,6,23,478,Cash,455,5,23,9
287-21-9091,A,Yangon,2019,January,Normal,Male,Home and lifestyle,75,9,34,706,Ewallet,672,5,34,9
732-94-0499,C,Naypyitaw,2019,January,Normal,Female,Electronic accessories,42,10,21,437,Credit card,417,5,21,5
263-10-3913,C,Naypyitaw,2019,January,Member,Male,Fashion accessories,49,9,22,463,Credit card,441,5,22,9
381-20-0914,A,Yangon,2019,January,Member,Female,Fashion accessories,20,9,9,189,Credit card,180,5,9,6
829-49-1914,C,Naypyitaw,2019,March,Member,Female,Food and beverages,78,10,39,822,Ewallet,783,5,39,7
756-01-7507,C,Naypyitaw,2019,January,Normal,Female,Health and beauty,20,5,5,107,Cash,102,5,5,6
870-72-4431,C,Naypyitaw,2019,January,Normal,Female,Health and beauty,99,6,30,625,Credit card,595,5,30,6
847-38-7188,B,Mandalay,2019,January,Normal,Female,Food and beverages,97,3,15,305,Ewallet,290,5,15,6
480-63-2856,C,Naypyitaw,2019,January,Normal,Male,Food and beverages,19,8,8,162,Ewallet,154,5,8,7
787-56-0757,C,Naypyitaw,2019,February,Member,Female,Food and beverages,80,4,16,338,Credit card,321,5,16,8
360-39-5055,C,Naypyitaw,2019,March,Member,Male,Sports and travel,49,5,12,257,Cash,245,5,12,7
730-50-9884,C,Naypyitaw,2019,March,Normal,Female,Sports and travel,83,7,29,610,Ewallet,581,5,29,4
362-58-8315,C,Naypyitaw,2019,March,Normal,Male,Fashion accessories,77,5,19,402,Cash,383,5,19,10
633-44-8566,A,Yangon,2019,March,Member,Male,Food and beverages,49,7,17,363,Credit card,346,5,17,7
504-35-8843,A,Yangon,2019,January,Normal,Male,Sports and travel,43,1,2,45,Cash,42,5,2,6
318-68-5053,B,Mandalay,2019,February,Normal,Female,Health and beauty,77,6,23,485,Cash,462,5,23,6
565-80-5980,C,Naypyitaw,2019,January,Member,Female,Home and lifestyle,47,4,10,199,Cash,190,5,9,7
225-32-0908,C,Naypyitaw,2019,January,Normal,Female,Sports and travel,45,10,22,471,Ewallet,449,5,22,8
873-51-0671,A,Yangon,2019,January,Member,Female,Sports and travel,22,7,8,162,Ewallet,154,5,8,5
152-08-9985,B,Mandalay,2019,March,Member,Male,Health and beauty,64,9,29,608,Credit card,579,5,29,9
512-91-0811,C,Naypyitaw,2019,February,Normal,Male,Health and beauty,90,1,5,94,Credit card,90,5,4,7
594-34-4444,A,Yangon,2019,March,Normal,Male,Electronic accessories,97,1,5,102,Ewallet,97,5,5,7
766-85-7061,B,Mandalay,2019,March,Normal,Male,Health and beauty,88,10,44,923,Ewallet,879,5,44,5
871-39-9221,C,Naypyitaw,2019,February,Normal,Female,Electronic accessories,12,6,4,78,Cash,75,5,4,4
865-92-6136,A,Yangon,2019,March,Normal,Male,Food and beverages,53,3,8,166,Ewallet,158,5,8,9
733-01-9107,B,Mandalay,2019,March,Normal,Male,Home and lifestyle,83,6,25,521,Cash,496,5,25,7
163-56-7055,C,Naypyitaw,2019,March,Member,Male,Fashion accessories,49,1,2,51,Cash,49,5,2,4
189-98-2939,C,Naypyitaw,2019,March,Normal,Male,Fashion accessories,79,9,35,742,Cash,707,5,35,7
551-21-3069,C,Naypyitaw,2019,February,Normal,Female,Electronic accessories,23,9,10,218,Cash,208,5,10,5
212-62-1842,A,Yangon,2019,March,Normal,Male,Food and beverages,58,6,18,367,Cash,350,5,17,10
716-39-1409,B,Mandalay,2019,March,Normal,Male,Health and beauty,30,7,11,223,Cash,212,5,11,8
704-48-3927,A,Yangon,2019,January,Member,Male,Electronic accessories,89,10,44,931,Ewallet,887,5,44,7
628-34-3388,C,Naypyitaw,2019,January,Normal,Male,Fashion accessories,27,6,8,172,Credit card,164,5,8,8
630-74-5166,A,Yangon,2019,March,Normal,Male,Sports and travel,62,6,19,391,Cash,373,5,19,7
588-01-7461,C,Naypyitaw,2019,March,Normal,Female,Food and beverages,34,9,15,321,Cash,306,5,15,4
861-77-0145,C,Naypyitaw,2019,March,Member,Male,Electronic accessories,82,10,41,861,Cash,820,5,41,9
479-26-8945,B,Mandalay,2019,February,Member,Female,Sports and travel,17,2,2,35,Ewallet,33,5,2,5
210-67-5886,C,Naypyitaw,2019,February,Member,Female,Health and beauty,98,3,15,309,Credit card,295,5,15,8
227-78-1148,B,Mandalay,2019,February,Normal,Female,Fashion accessories,73,7,26,535,Cash,510,5,25,8
645-44-1170,A,Yangon,2019,January,Member,Male,Home and lifestyle,58,9,26,549,Ewallet,523,5,26,4
237-01-6122,C,Naypyitaw,2019,February,Member,Female,Home and lifestyle,81,9,36,763,Credit card,727,5,36,10
225-98-1496,C,Naypyitaw,2019,March,Normal,Female,Fashion accessories,27,3,4,85,Credit card,81,5,4,7
291-32-1427,B,Mandalay,2019,March,Member,Male,Fashion accessories,22,5,6,115,Ewallet,110,5,5,5
659-65-8956,B,Mandalay,2019,January,Member,Male,Fashion accessories,51,1,3,54,Ewallet,51,5,3,5
642-32-2990,A,Yangon,2019,February,Normal,Female,Food and beverages,11,10,6,115,Ewallet,110,5,5,6
378-24-2715,B,Mandalay,2019,January,Normal,Male,Home and lifestyle,53,2,5,112,Ewallet,107,5,5,4
638-60-7125,A,Yangon,2019,February,Normal,Female,Electronic accessories,100,8,40,836,Credit card,796,5,40,5
659-36-1684,C,Naypyitaw,2019,January,Member,Male,Sports and travel,57,7,20,420,Credit card,400,5,20,7
219-22-9386,B,Mandalay,2019,March,Member,Male,Sports and travel,100,9,45,945,Credit card,900,5,45,4
336-78-2147,C,Naypyitaw,2019,March,Member,Male,Home and lifestyle,64,8,26,537,Credit card,511,5,26,5
268-27-6179,B,Mandalay,2019,March,Member,Female,Fashion accessories,57,8,23,474,Ewallet,452,5,23,7
668-90-8900,A,Yangon,2019,March,Normal,Female,Home and lifestyle,94,7,33,689,Credit card,656,5,33,5
870-54-3162,A,Yangon,2019,January,Normal,Female,Sports and travel,32,5,8,169,Cash,161,5,8,9
189-08-9157,C,Naypyitaw,2019,January,Normal,Female,Fashion accessories,32,9,14,300,Credit card,286,5,14,6
663-86-9076,C,Naypyitaw,2019,January,Member,Female,Food and beverages,69,8,27,576,Ewallet,548,5,27,9
549-84-7482,B,Mandalay,2019,February,Normal,Female,Sports and travel,90,9,41,853,Ewallet,813,5,41,7
191-10-6171,B,Mandalay,2019,January,Normal,Female,Fashion accessories,40,7,14,291,Cash,277,5,14,8
802-70-5316,A,Yangon,2019,March,Member,Female,Sports and travel,92,6,28,580,Cash,553,5,28,8
695-51-0018,B,Mandalay,2019,February,Normal,Female,Sports and travel,35,4,7,146,Cash,139,5,7,7
590-83-4591,B,Mandalay,2019,February,Member,Male,Electronic accessories,88,6,26,551,Credit card,525,5,26,9
483-71-1164,C,Naypyitaw,2019,March,Normal,Female,Health and beauty,81,6,24,512,Ewallet,488,5,24,5
597-78-7908,C,Naypyitaw,2019,February,Normal,Male,Fashion accessories,90,3,14,284,Cash,271,5,14,6
700-81-1757,A,Yangon,2019,January,Normal,Female,Electronic accessories,26,5,7,138,Credit card,132,5,7,9
354-39-5160,A,Yangon,2019,February,Member,Female,Home and lifestyle,34,6,10,217,Cash,207,5,10,10
241-72-9525,B,Mandalay,2019,February,Normal,Male,Sports and travel,52,10,26,545,Cash,519,5,26,8
575-30-8091,A,Yangon,2019,March,Normal,Male,Sports and travel,73,8,29,609,Ewallet,580,5,29,9
731-81-9469,C,Naypyitaw,2019,January,Member,Female,Sports and travel,90,10,45,943,Credit card,898,5,45,5
280-17-4359,C,Naypyitaw,2019,January,Member,Male,Health and beauty,91,10,45,950,Cash,905,5,45,8
338-65-2210,C,Naypyitaw,2019,February,Member,Female,Health and beauty,69,10,34,720,Cash,686,5,34,9
488-25-4221,C,Naypyitaw,2019,February,Member,Female,Food and beverages,30,1,2,32,Credit card,30,5,2,8
239-10-7476,A,Yangon,2019,January,Normal,Female,Home and lifestyle,78,6,23,491,Ewallet,468,5,23,8
458-41-1477,C,Naypyitaw,2019,March,Normal,Female,Health and beauty,46,6,14,291,Credit card,278,5,14,10
685-64-1609,A,Yangon,2019,February,Member,Female,Fashion accessories,30,10,15,316,Ewallet,301,5,15,9
568-90-5112,C,Naypyitaw,2019,March,Normal,Male,Health and beauty,66,4,13,278,Credit card,265,5,13,6
262-47-2794,B,Mandalay,2019,March,Member,Male,Home and lifestyle,72,8,29,604,Credit card,575,5,29,6
238-49-0436,A,Yangon,2019,March,Normal,Male,Health and beauty,33,8,13,273,Credit card,260,5,13,5
608-96-3517,B,Mandalay,2019,March,Member,Female,Fashion accessories,92,4,18,384,Credit card,366,5,18,5
584-86-7256,C,Naypyitaw,2019,March,Member,Male,Sports and travel,35,7,12,254,Credit card,242,5,12,7
746-94-0204,A,Yangon,2019,January,Normal,Male,Fashion accessories,83,9,38,787,Credit card,749,5,37,7
214-17-6927,C,Naypyitaw,2019,February,Normal,Female,Food and beverages,17,6,5,104,Ewallet,99,5,5,10
400-89-4171,C,Naypyitaw,2019,January,Normal,Female,Sports and travel,81,8,32,680,Cash,648,5,32,9
782-95-9291,A,Yangon,2019,February,Member,Male,Food and beverages,92,5,23,485,Credit card,461,5,23,9
279-74-2924,B,Mandalay,2019,January,Member,Male,Electronic accessories,72,1,4,76,Cash,72,5,4,6
307-85-2293,B,Mandalay,2019,March,Normal,Male,Home and lifestyle,50,5,13,264,Ewallet,251,5,13,10
743-04-1105,B,Mandalay,2019,March,Member,Male,Health and beauty,97,9,44,919,Ewallet,875,5,44,6
423-57-2993,B,Mandalay,2019,March,Normal,Male,Sports and travel,93,6,28,588,Ewallet,560,5,28,10
894-41-5205,C,Naypyitaw,2019,January,Normal,Female,Food and beverages,43,8,17,363,Credit card,345,5,17,8
275-28-0149,A,Yangon,2019,February,Normal,Male,Sports and travel,64,1,3,67,Cash,64,5,3,6
101-17-6199,A,Yangon,2019,March,Normal,Male,Food and beverages,46,7,16,337,Credit card,321,5,16,7
423-80-0988,C,Naypyitaw,2019,January,Normal,Male,Sports and travel,76,2,8,160,Ewallet,153,5,8,7
548-46-9322,B,Mandalay,2019,February,Normal,Male,Food and beverages,40,10,20,419,Credit card,399,5,20,6
505-02-0892,B,Mandalay,2019,February,Member,Male,Health and beauty,43,8,17,358,Ewallet,341,5,17,6
234-65-2137,C,Naypyitaw,2019,January,Normal,Male,Home and lifestyle,96,10,48,1004,Cash,956,5,48,5
687-47-8271,A,Yangon,2019,February,Normal,Male,Fashion accessories,99,10,50,1039,Credit card,990,5,49,9
796-32-9050,A,Yangon,2019,January,Normal,Male,Food and beverages,51,6,15,323,Cash,308,5,15,7
105-31-1824,A,Yangon,2019,February,Member,Male,Sports and travel,70,7,24,511,Credit card,487,5,24,9
249-42-3782,A,Yangon,2019,January,Normal,Male,Health and beauty,70,5,18,368,Ewallet,350,5,18,6
316-55-4634,B,Mandalay,2019,January,Member,Male,Food and beverages,80,5,20,420,Credit card,400,5,20,9
733-33-4967,C,Naypyitaw,2019,March,Normal,Male,Electronic accessories,21,8,8,175,Cash,167,5,8,6
608-27-6295,B,Mandalay,2019,January,Member,Male,Electronic accessories,53,6,16,333,Credit card,317,5,16,10
414-12-7047,B,Mandalay,2019,January,Normal,Male,Food and beverages,20,8,8,166,Ewallet,158,5,8,9
827-26-2100,A,Yangon,2019,March,Member,Male,Home and lifestyle,34,9,15,320,Ewallet,305,5,15,9
175-54-2529,A,Yangon,2019,March,Member,Male,Food and beverages,22,8,9,186,Credit card,177,5,9,10
139-52-2867,C,Naypyitaw,2019,February,Normal,Female,Fashion accessories,23,7,8,165,Credit card,158,5,8,5
407-63-8975,A,Yangon,2019,March,Normal,Male,Food and beverages,74,6,22,465,Ewallet,443,5,22,4
342-65-4817,C,Naypyitaw,2019,January,Member,Male,Health and beauty,87,3,13,273,Ewallet,260,5,13,10
130-98-8941,C,Naypyitaw,2019,February,Normal,Male,Fashion accessories,64,7,23,472,Cash,450,5,22,6
434-83-9547,C,Naypyitaw,2019,January,Member,Male,Food and beverages,39,8,15,323,Cash,308,5,15,8
851-28-6367,A,Yangon,2019,March,Member,Male,Sports and travel,16,10,8,163,Ewallet,155,5,8,8
824-88-3614,C,Naypyitaw,2019,January,Normal,Male,Health and beauty,34,8,14,288,Ewallet,274,5,14,6
586-25-0848,A,Yangon,2019,March,Normal,Female,Sports and travel,12,7,4,91,Credit card,86,5,4,7
895-66-0685,B,Mandalay,2019,March,Member,Male,Food and beverages,18,3,3,57,Ewallet,54,5,3,8
305-14-0245,B,Mandalay,2019,March,Member,Female,Home and lifestyle,95,8,38,794,Ewallet,756,5,38,8
732-04-5373,B,Mandalay,2019,February,Member,Male,Home and lifestyle,47,4,9,195,Cash,186,5,9,7
400-60-7251,A,Yangon,2019,February,Normal,Male,Home and lifestyle,74,1,4,78,Ewallet,74,5,4,10
593-65-1552,C,Naypyitaw,2019,January,Normal,Female,Home and lifestyle,70,4,14,293,Credit card,279,5,14,6
284-34-9626,B,Mandalay,2019,February,Normal,Female,Home and lifestyle,77,3,12,243,Credit card,231,5,12,7
437-58-8131,B,Mandalay,2019,January,Normal,Female,Fashion accessories,74,2,7,154,Ewallet,147,5,7,5
286-43-6208,C,Naypyitaw,2019,March,Normal,Female,Food and beverages,88,9,40,830,Cash,790,5,40,9
641-43-2399,B,Mandalay,2019,January,Normal,Male,Home and lifestyle,26,4,5,107,Ewallet,102,5,5,6
831-07-6050,A,Yangon,2019,March,Normal,Male,Electronic accessories,33,5,8,172,Credit card,164,5,8,10
556-86-3144,C,Naypyitaw,2019,January,Member,Female,Fashion accessories,74,1,4,78,Cash,74,5,4,5
848-24-9445,C,Naypyitaw,2019,March,Member,Male,Health and beauty,44,2,4,92,Cash,87,5,4,5
856-22-8149,A,Yangon,2019,March,Normal,Female,Home and lifestyle,25,1,1,27,Ewallet,25,5,1,6
699-01-4164,C,Naypyitaw,2019,March,Normal,Male,Health and beauty,42,4,8,174,Credit card,166,5,8,8
420-11-4919,C,Naypyitaw,2019,February,Member,Female,Food and beverages,71,5,18,375,Credit card,357,5,18,6
606-80-4905,C,Naypyitaw,2019,January,Member,Female,Sports and travel,19,6,6,121,Credit card,115,5,6,7
542-41-0513,B,Mandalay,2019,March,Member,Female,Electronic accessories,58,4,12,241,Cash,230,5,12,7
426-39-2418,C,Naypyitaw,2019,January,Normal,Male,Electronic accessories,61,7,22,451,Cash,430,5,21,10
875-46-5808,B,Mandalay,2019,February,Member,Male,Health and beauty,26,10,13,272,Ewallet,259,5,13,9
394-43-4238,B,Mandalay,2019,February,Member,Male,Home and lifestyle,18,5,4,93,Credit card,89,5,4,5
749-24-1565,A,Yangon,2019,January,Normal,Female,Health and beauty,23,9,10,218,Ewallet,207,5,10,8
672-51-8681,C,Naypyitaw,2019,January,Member,Female,Electronic accessories,67,9,30,630,Credit card,600,5,30,10
263-87-5680,C,Naypyitaw,2019,March,Member,Female,Home and lifestyle,29,10,14,300,Ewallet,285,5,14,8
573-58-9734,B,Mandalay,2019,March,Normal,Female,Fashion accessories,30,3,5,96,Ewallet,91,5,5,5
817-69-8206,B,Mandalay,2019,March,Normal,Female,Electronic accessories,100,9,45,942,Credit card,898,5,45,7
888-02-0338,A,Yangon,2019,January,Normal,Male,Electronic accessories,26,9,12,248,Ewallet,236,5,12,6
677-11-0152,C,Naypyitaw,2019,January,Normal,Female,Food and beverages,93,9,42,881,Cash,839,5,42,9
142-63-6033,B,Mandalay,2019,March,Normal,Male,Home and lifestyle,92,5,23,485,Ewallet,462,5,23,5
656-16-1063,B,Mandalay,2019,January,Normal,Male,Sports and travel,46,3,7,146,Credit card,139,5,7,4
891-58-8335,B,Mandalay,2019,March,Member,Female,Sports and travel,30,7,10,218,Cash,207,5,10,7
802-43-8934,A,Yangon,2019,March,Normal,Male,Home and lifestyle,18,1,1,19,Credit card,18,5,1,8
560-30-5617,B,Mandalay,2019,March,Normal,Female,Sports and travel,25,5,6,130,Cash,124,5,6,9
319-74-2561,A,Yangon,2019,February,Member,Female,Electronic accessories,95,3,14,298,Cash,284,5,14,6
549-03-9315,B,Mandalay,2019,February,Normal,Male,Fashion accessories,95,8,38,797,Ewallet,759,5,38,9
790-29-1172,B,Mandalay,2019,March,Normal,Female,Food and beverages,57,3,9,181,Credit card,172,5,9,8
239-36-3640,B,Mandalay,2019,January,Normal,Male,Electronic accessories,45,6,14,286,Ewallet,272,5,14,6
468-01-2051,B,Mandalay,2019,March,Normal,Male,Food and beverages,62,7,22,456,Ewallet,435,5,22,5
389-25-3394,C,Naypyitaw,2019,February,Normal,Male,Electronic accessories,12,5,3,62,Cash,59,5,3,9
279-62-1445,C,Naypyitaw,2019,February,Member,Female,Fashion accessories,13,1,1,13,Cash,13,5,1,8
213-72-6612,A,Yangon,2019,March,Normal,Male,Food and beverages,43,2,4,91,Cash,87,5,4,6
746-68-6593,C,Naypyitaw,2019,January,Member,Female,Sports and travel,87,2,9,183,Credit card,174,5,9,10
836-82-5858,B,Mandalay,2019,January,Member,Male,Health and beauty,69,9,31,656,Ewallet,624,5,31,4
583-72-1480,C,Naypyitaw,2019,January,Member,Male,Electronic accessories,37,4,7,156,Ewallet,148,5,7,10
466-61-5506,B,Mandalay,2019,February,Member,Female,Electronic accessories,91,6,27,571,Cash,544,5,27,5
721-86-6247,A,Yangon,2019,March,Normal,Female,Home and lifestyle,63,8,25,533,Ewallet,507,5,25,7
289-65-5721,B,Mandalay,2019,January,Normal,Female,Fashion accessories,81,2,8,171,Cash,163,5,8,7
545-46-3100,B,Mandalay,2019,March,Member,Female,Electronic accessories,11,3,2,33,Credit card,32,5,2,9
418-02-5978,B,Mandalay,2019,February,Normal,Female,Health and beauty,84,9,38,795,Cash,757,5,38,8
269-04-5750,B,Mandalay,2019,February,Member,Male,Fashion accessories,74,4,15,310,Cash,295,5,15,7
157-13-5295,A,Yangon,2019,March,Member,Male,Health and beauty,52,10,26,545,Ewallet,519,5,26,7
645-78-8093,A,Yangon,2019,January,Normal,Female,Sports and travel,93,2,9,196,Ewallet,186,5,9,4
211-30-9270,C,Naypyitaw,2019,January,Normal,Male,Health and beauty,17,5,4,91,Credit card,87,5,4,5
755-12-3214,C,Naypyitaw,2019,March,Member,Female,Fashion accessories,44,5,11,232,Credit card,221,5,11,9
346-84-3103,B,Mandalay,2019,March,Member,Female,Electronic accessories,13,5,3,69,Cash,66,5,3,4
478-06-7835,A,Yangon,2019,January,Normal,Male,Fashion accessories,90,1,5,94,Ewallet,90,5,4,5
540-11-4336,A,Yangon,2019,January,Normal,Male,Food and beverages,25,9,11,236,Credit card,224,5,11,6
448-81-5016,A,Yangon,2019,March,Normal,Male,Health and beauty,60,2,6,126,Credit card,120,5,6,6
142-72-4741,C,Naypyitaw,2019,February,Member,Male,Fashion accessories,93,2,9,196,Credit card,186,5,9,6
217-58-1179,A,Yangon,2019,January,Member,Male,Home and lifestyle,63,4,13,263,Cash,251,5,13,4
376-02-8238,B,Mandalay,2019,February,Normal,Male,Home and lifestyle,94,8,38,789,Credit card,751,5,38,8
530-90-9855,A,Yangon,2019,January,Member,Male,Home and lifestyle,48,8,19,400,Cash,381,5,19,6
866-05-7563,B,Mandalay,2019,February,Member,Female,Electronic accessories,81,3,12,256,Cash,244,5,12,5
604-70-6476,A,Yangon,2019,January,Member,Male,Fashion accessories,18,5,5,94,Ewallet,90,5,4,7
799-71-1548,A,Yangon,2019,January,Member,Male,Electronic accessories,78,4,16,326,Credit card,311,5,16,9
785-13-7708,B,Mandalay,2019,January,Normal,Male,Food and beverages,73,7,26,537,Credit card,511,5,26,4
845-51-0542,B,Mandalay,2019,February,Member,Male,Food and beverages,47,9,21,440,Ewallet,419,5,21,6
662-47-5456,C,Naypyitaw,2019,March,Member,Male,Fashion accessories,35,10,18,370,Credit card,352,5,18,8
883-17-4236,C,Naypyitaw,2019,March,Normal,Female,Sports and travel,14,2,1,30,Credit card,29,5,1,7
290-68-2984,A,Yangon,2019,March,Normal,Male,Home and lifestyle,24,4,5,100,Cash,95,5,5,5
704-11-6354,A,Yangon,2019,January,Member,Male,Home and lifestyle,59,8,24,495,Cash,471,5,24,9
110-48-7033,B,Mandalay,2019,January,Member,Male,Fashion accessories,33,4,7,137,Cash,130,5,7,9
366-93-0948,A,Yangon,2019,January,Member,Male,Electronic accessories,66,1,3,70,Credit card,66,5,3,10
729-09-9681,A,Yangon,2019,February,Member,Male,Home and lifestyle,26,6,8,163,Ewallet,155,5,8,9
151-16-1484,A,Yangon,2019,February,Member,Male,Electronic accessories,32,4,7,135,Ewallet,129,5,6,7
380-94-4661,C,Naypyitaw,2019,February,Member,Male,Electronic accessories,66,4,13,277,Credit card,264,5,13,7
850-41-9669,A,Yangon,2019,March,Normal,Female,Electronic accessories,75,9,34,709,Ewallet,676,5,34,6
821-07-3596,C,Naypyitaw,2019,March,Normal,Female,Fashion accessories,16,4,3,69,Ewallet,66,5,3,6
655-85-5130,B,Mandalay,2019,March,Member,Female,Fashion accessories,38,4,8,161,Cash,153,5,8,6
447-15-7839,A,Yangon,2019,February,Member,Female,Sports and travel,22,10,11,234,Cash,222,5,11,4
154-74-7179,B,Mandalay,2019,February,Normal,Male,Sports and travel,55,1,3,57,Ewallet,54,5,3,8
253-12-6086,A,Yangon,2019,March,Member,Female,Sports and travel,98,7,34,723,Credit card,689,5,34,9
808-65-0703,C,Naypyitaw,2019,March,Normal,Male,Home and lifestyle,36,4,7,149,Credit card,142,5,7,7
571-94-0759,B,Mandalay,2019,January,Member,Female,Food and beverages,75,10,37,783,Cash,746,5,37,10
144-51-6085,A,Yangon,2019,January,Member,Male,Home and lifestyle,71,4,14,297,Credit card,283,5,14,4
731-14-2199,A,Yangon,2019,January,Member,Female,Home and lifestyle,36,10,18,373,Ewallet,355,5,18,7
783-09-1637,B,Mandalay,2019,March,Normal,Female,Sports and travel,67,5,17,354,Ewallet,337,5,17,6
687-15-1097,C,Naypyitaw,2019,January,Member,Female,Health and beauty,21,2,2,44,Cash,42,5,2,10
126-54-1082,A,Yangon,2019,January,Member,Female,Home and lifestyle,22,9,10,204,Credit card,194,5,10,9
633-91-1052,A,Yangon,2019,January,Normal,Female,Home and lifestyle,12,2,1,25,Cash,24,5,1,5
477-24-6490,B,Mandalay,2019,February,Normal,Female,Health and beauty,100,6,30,628,Ewallet,598,5,30,8
566-19-5475,B,Mandalay,2019,January,Normal,Male,Fashion accessories,48,7,17,353,Cash,336,5,17,6
526-86-8552,C,Naypyitaw,2019,January,Member,Female,Home and lifestyle,22,10,11,229,Cash,218,5,11,7
376-56-3573,C,Naypyitaw,2019,February,Normal,Female,Fashion accessories,95,4,19,401,Ewallet,382,5,19,6
537-72-0426,C,Naypyitaw,2019,March,Member,Male,Fashion accessories,71,10,36,745,Cash,710,5,36,6
828-61-5674,A,Yangon,2019,March,Member,Male,Sports and travel,44,10,22,462,Credit card,440,5,22,10
136-08-6195,A,Yangon,2019,February,Normal,Female,Home and lifestyle,70,8,28,588,Credit card,560,5,28,6
523-38-0215,C,Naypyitaw,2019,March,Normal,Male,Home and lifestyle,37,1,2,39,Credit card,37,5,2,8
490-29-1201,A,Yangon,2019,January,Normal,Female,Sports and travel,15,1,1,16,Cash,15,5,1,7
667-92-0055,A,Yangon,2019,March,Member,Male,Health and beauty,100,6,30,629,Ewallet,599,5,30,9
565-17-3836,A,Yangon,2019,March,Member,Female,Health and beauty,48,4,10,200,Cash,191,5,10,9
498-41-1961,B,Mandalay,2019,February,Normal,Male,Health and beauty,67,5,17,350,Cash,333,5,17,8
593-95-4461,C,Naypyitaw,2019,March,Member,Male,Home and lifestyle,75,1,4,79,Cash,75,5,4,7
226-71-3580,C,Naypyitaw,2019,January,Normal,Female,Sports and travel,24,9,11,224,Cash,214,5,11,10
283-79-9594,B,Mandalay,2019,January,Normal,Female,Food and beverages,49,7,17,357,Credit card,340,5,17,5
430-60-3493,A,Yangon,2019,February,Member,Female,Home and lifestyle,95,7,33,697,Cash,664,5,33,4
139-20-0155,B,Mandalay,2019,January,Member,Male,Electronic accessories,40,10,20,423,Credit card,403,5,20,7
558-80-4082,C,Naypyitaw,2019,March,Normal,Male,Electronic accessories,28,7,10,205,Ewallet,195,5,10,6
278-97-7759,A,Yangon,2019,February,Member,Female,Electronic accessories,63,1,3,66,Cash,62,5,3,5
316-68-6352,A,Yangon,2019,January,Member,Female,Food and beverages,36,2,4,76,Cash,73,5,4,7
585-03-5943,B,Mandalay,2019,March,Normal,Male,Health and beauty,18,10,9,190,Ewallet,181,5,9,6
211-05-0490,C,Naypyitaw,2019,March,Member,Female,Electronic accessories,52,5,13,273,Cash,260,5,13,8
727-75-6477,C,Naypyitaw,2019,March,Normal,Male,Electronic accessories,29,4,6,121,Cash,115,5,6,6
744-02-5987,A,Yangon,2019,January,Member,Male,Home and lifestyle,78,6,24,494,Ewallet,470,5,24,6
307-83-9164,A,Yangon,2019,January,Member,Male,Home and lifestyle,60,4,12,252,Cash,240,5,12,5
779-06-0012,C,Naypyitaw,2019,January,Member,Female,Home and lifestyle,89,1,4,93,Cash,89,5,4,8
446-47-6729,C,Naypyitaw,2019,January,Normal,Male,Fashion accessories,100,2,10,210,Credit card,200,5,10,7
573-10-3877,B,Mandalay,2019,March,Member,Male,Health and beauty,39,1,2,41,Credit card,39,5,2,5
735-06-4124,C,Naypyitaw,2019,February,Normal,Male,Food and beverages,49,1,2,51,Cash,49,5,2,4
439-54-7422,A,Yangon,2019,March,Normal,Female,Electronic accessories,51,4,10,215,Credit card,205,5,10,5
396-90-2219,B,Mandalay,2019,February,Normal,Female,Electronic accessories,15,8,6,126,Cash,120,5,6,9
411-77-0180,A,Yangon,2019,March,Member,Male,Electronic accessories,72,7,25,531,Ewallet,505,5,25,4
286-01-5402,A,Yangon,2019,March,Normal,Female,Sports and travel,40,7,14,296,Cash,282,5,14,10
803-17-8013,A,Yangon,2019,February,Member,Female,Home and lifestyle,89,8,36,746,Cash,710,5,36,4
512-98-1403,A,Yangon,2019,March,Member,Female,Electronic accessories,27,3,4,83,Ewallet,79,5,4,5
848-42-2560,A,Yangon,2019,March,Normal,Female,Fashion accessories,82,2,8,172,Cash,164,5,8,8
532-59-7201,B,Mandalay,2019,January,Member,Male,Sports and travel,80,6,24,504,Cash,480,5,24,6
181-94-6432,C,Naypyitaw,2019,February,Member,Male,Fashion accessories,69,2,7,146,Ewallet,139,5,7,10
870-76-1733,A,Yangon,2019,February,Member,Female,Food and beverages,14,5,4,75,Credit card,71,5,4,4
423-64-4619,A,Yangon,2019,March,Member,Female,Health and beauty,16,9,7,147,Cash,140,5,7,5
227-07-4446,C,Naypyitaw,2019,February,Member,Female,Electronic accessories,78,10,39,820,Cash,781,5,39,4
174-36-3675,C,Naypyitaw,2019,February,Member,Male,Food and beverages,99,2,10,209,Cash,199,5,10,5
428-83-5800,C,Naypyitaw,2019,February,Member,Female,Food and beverages,21,3,3,66,Cash,63,5,3,7
603-07-0961,C,Naypyitaw,2019,January,Member,Male,Electronic accessories,75,5,19,393,Cash,374,5,19,5
704-20-4138,C,Naypyitaw,2019,March,Member,Female,Health and beauty,30,7,10,218,Credit card,208,5,10,8
787-15-1757,C,Naypyitaw,2019,February,Member,Male,Health and beauty,44,4,9,185,Ewallet,176,5,9,8
649-11-3678,C,Naypyitaw,2019,February,Normal,Female,Food and beverages,23,9,10,217,Cash,206,5,10,6
622-20-1945,C,Naypyitaw,2019,January,Normal,Female,Health and beauty,39,1,2,41,Cash,39,5,2,8
372-94-8041,A,Yangon,2019,February,Normal,Male,Health and beauty,15,6,5,96,Ewallet,92,5,5,10
563-91-7120,A,Yangon,2019,March,Normal,Female,Fashion accessories,62,5,15,324,Cash,309,5,15,7
746-54-5508,A,Yangon,2019,January,Normal,Male,Home and lifestyle,22,6,7,136,Credit card,129,5,6,9
276-54-0879,B,Mandalay,2019,March,Normal,Male,Sports and travel,98,4,20,411,Ewallet,391,5,20,6
815-11-1168,A,Yangon,2019,March,Member,Male,Food and beverages,100,5,25,524,Cash,499,5,25,5
719-76-3868,C,Naypyitaw,2019,March,Member,Male,Food and beverages,94,4,19,396,Cash,377,5,19,9
730-61-8757,B,Mandalay,2019,January,Member,Male,Health and beauty,51,4,10,215,Credit card,205,5,10,4
340-66-0321,A,Yangon,2019,March,Member,Male,Electronic accessories,36,4,7,153,Cash,145,5,7,8
868-81-1752,B,Mandalay,2019,February,Normal,Male,Home and lifestyle,22,9,10,208,Cash,198,5,10,7
634-97-8956,A,Yangon,2019,February,Normal,Male,Food and beverages,33,3,5,104,Credit card,99,5,5,9
566-71-1091,A,Yangon,2019,February,Normal,Male,Fashion accessories,77,5,19,404,Cash,385,5,19,6
442-48-3607,A,Yangon,2019,March,Member,Male,Food and beverages,24,2,2,49,Credit card,47,5,2,8
835-16-0096,C,Naypyitaw,2019,March,Member,Male,Sports and travel,15,5,4,77,Ewallet,74,5,4,9
527-09-6272,A,Yangon,2019,March,Member,Female,Electronic accessories,28,5,7,149,Credit card,142,5,7,9
898-04-2717,A,Yangon,2019,March,Normal,Male,Fashion accessories,76,9,34,722,Ewallet,688,5,34,8
692-27-8933,B,Mandalay,2019,February,Normal,Female,Sports and travel,58,6,17,365,Cash,348,5,17,5
633-09-3463,C,Naypyitaw,2019,March,Normal,Female,Electronic accessories,48,3,7,150,Credit card,143,5,7,10
374-17-3652,B,Mandalay,2019,February,Member,Female,Food and beverages,43,9,19,405,Credit card,385,5,19,9
378-07-7001,B,Mandalay,2019,February,Member,Male,Electronic accessories,48,3,7,151,Credit card,144,5,7,8
433-75-6987,B,Mandalay,2019,March,Member,Female,Health and beauty,56,7,20,411,Ewallet,392,5,20,9
873-95-4984,B,Mandalay,2019,February,Member,Female,Health and beauty,77,7,27,565,Cash,538,5,27,8
416-13-5917,C,Naypyitaw,2019,January,Normal,Female,Food and beverages,97,5,24,509,Ewallet,485,5,24,9
150-89-8043,A,Yangon,2019,February,Normal,Male,Sports and travel,45,3,7,141,Cash,134,5,7,6
135-84-8019,A,Yangon,2019,February,Normal,Female,Fashion accessories,78,9,35,736,Ewallet,701,5,35,8
441-94-7118,A,Yangon,2019,February,Member,Male,Electronic accessories,72,1,4,76,Cash,72,5,4,7
725-96-3778,C,Naypyitaw,2019,January,Member,Female,Home and lifestyle,89,8,36,750,Cash,714,5,36,5
531-80-1784,A,Yangon,2019,March,Normal,Male,Electronic accessories,26,7,9,191,Cash,182,5,9,5
400-45-1220,B,Mandalay,2019,February,Normal,Female,Health and beauty,14,10,7,142,Credit card,135,5,7,5
860-79-0874,C,Naypyitaw,2019,February,Member,Female,Fashion accessories,99,10,50,1043,Credit card,993,5,50,7
834-61-8124,A,Yangon,2019,January,Normal,Male,Electronic accessories,52,7,18,380,Cash,362,5,18,6
115-99-4379,B,Mandalay,2019,March,Member,Female,Fashion accessories,55,7,19,402,Credit card,383,5,19,9
565-67-6697,B,Mandalay,2019,March,Member,Male,Home and lifestyle,27,9,12,255,Cash,243,5,12,5
320-49-6392,C,Naypyitaw,2019,March,Normal,Female,Electronic accessories,30,1,2,32,Cash,30,5,2,8
889-04-9723,B,Mandalay,2019,January,Member,Female,Food and beverages,89,4,18,374,Credit card,357,5,18,8
632-90-0281,C,Naypyitaw,2019,March,Normal,Female,Fashion accessories,38,10,19,394,Credit card,376,5,19,9
554-42-2417,C,Naypyitaw,2019,January,Normal,Female,Sports and travel,95,10,48,1002,Cash,954,5,48,5
453-63-6187,B,Mandalay,2019,March,Normal,Male,Electronic accessories,28,3,4,87,Ewallet,83,5,4,7
578-80-7669,B,Mandalay,2019,March,Normal,Male,Sports and travel,75,1,4,79,Cash,75,5,4,6
612-36-5536,A,Yangon,2019,February,Member,Male,Food and beverages,81,8,32,680,Credit card,648,5,32,7
605-72-4132,C,Naypyitaw,2019,February,Normal,Female,Food and beverages,95,8,38,794,Cash,756,5,38,9
471-41-2823,C,Naypyitaw,2019,March,Normal,Male,Food and beverages,100,2,10,210,Ewallet,200,5,10,8
462-67-9126,A,Yangon,2019,January,Normal,Male,Home and lifestyle,73,6,22,461,Cash,439,5,22,7
272-27-9238,C,Naypyitaw,2019,February,Normal,Female,Food and beverages,41,4,8,173,Cash,165,5,8,7
834-25-9262,C,Naypyitaw,2019,January,Normal,Female,Fashion accessories,82,4,16,343,Cash,327,5,16,9
122-61-9553,C,Naypyitaw,2019,March,Normal,Female,Electronic accessories,51,9,23,485,Cash,462,5,23,6
468-88-0009,A,Yangon,2019,March,Member,Male,Home and lifestyle,66,4,13,277,Cash,264,5,13,6
613-59-9758,C,Naypyitaw,2019,January,Normal,Female,Sports and travel,14,10,7,151,Cash,144,5,7,5
254-31-0042,A,Yangon,2019,March,Member,Male,Electronic accessories,22,9,10,203,Credit card,194,5,10,8
201-86-2184,B,Mandalay,2019,February,Member,Female,Electronic accessories,26,7,9,193,Cash,184,5,9,10
261-12-8671,B,Mandalay,2019,January,Normal,Female,Fashion accessories,61,2,6,128,Credit card,122,5,6,5
730-70-9830,C,Naypyitaw,2019,March,Normal,Female,Home and lifestyle,70,6,21,442,Ewallet,421,5,21,5
382-25-8917,C,Naypyitaw,2019,January,Normal,Male,Fashion accessories,42,6,13,265,Cash,252,5,13,9
422-29-8786,A,Yangon,2019,January,Normal,Female,Home and lifestyle,67,5,17,352,Credit card,335,5,17,9
667-23-5919,A,Yangon,2019,January,Member,Female,Fashion accessories,97,5,24,508,Ewallet,484,5,24,7
843-01-4703,B,Mandalay,2019,January,Member,Female,Home and lifestyle,35,9,16,334,Credit card,318,5,16,10
743-88-1662,C,Naypyitaw,2019,February,Normal,Male,Sports and travel,96,7,33,702,Ewallet,668,5,33,9
595-86-2894,C,Naypyitaw,2019,February,Member,Male,Fashion accessories,97,4,19,407,Ewallet,388,5,19,9
182-69-8360,B,Mandalay,2019,January,Normal,Female,Electronic accessories,24,4,5,99,Credit card,95,5,5,4
289-15-7034,A,Yangon,2019,January,Member,Male,Sports and travel,82,4,17,346,Credit card,329,5,16,8
462-78-5240,C,Naypyitaw,2019,March,Normal,Female,Electronic accessories,27,2,3,56,Cash,53,5,3,4
868-52-7573,B,Mandalay,2019,January,Normal,Female,Food and beverages,100,5,25,523,Cash,498,5,25,10
153-58-4872,C,Naypyitaw,2019,March,Member,Female,Food and beverages,75,4,15,315,Ewallet,300,5,15,4
662-72-2873,A,Yangon,2019,January,Normal,Female,Food and beverages,41,5,10,215,Ewallet,205,5,10,10
525-88-7307,B,Mandalay,2019,January,Member,Male,Sports and travel,76,1,4,80,Cash,76,5,4,6
689-16-9784,C,Naypyitaw,2019,March,Normal,Male,Food and beverages,47,6,14,295,Cash,281,5,14,6
725-56-0833,A,Yangon,2019,February,Normal,Female,Health and beauty,32,10,16,339,Credit card,323,5,16,10
394-41-0748,C,Naypyitaw,2019,January,Member,Female,Fashion accessories,54,9,24,511,Ewallet,487,5,24,10
596-42-3999,B,Mandalay,2019,March,Normal,Male,Food and beverages,18,7,6,134,Credit card,128,5,6,7
541-89-9860,C,Naypyitaw,2019,February,Member,Female,Fashion accessories,81,3,12,254,Cash,241,5,12,8
173-82-9529,B,Mandalay,2019,January,Normal,Female,Fashion accessories,38,10,19,398,Cash,380,5,19,10
563-36-9814,A,Yangon,2019,February,Member,Male,Electronic accessories,77,1,4,81,Ewallet,77,5,4,7
308-47-4913,A,Yangon,2019,March,Member,Female,Sports and travel,52,10,26,549,Credit card,523,5,26,6
885-17-6250,A,Yangon,2019,March,Normal,Female,Health and beauty,80,1,4,84,Ewallet,80,5,4,7
726-27-2396,A,Yangon,2019,January,Normal,Female,Health and beauty,78,5,19,407,Ewallet,388,5,19,4
316-01-3952,A,Yangon,2019,March,Normal,Female,Food and beverages,54,5,14,285,Ewallet,271,5,14,5
760-54-1821,B,Mandalay,2019,March,Normal,Male,Home and lifestyle,14,9,6,128,Cash,122,5,6,6
793-10-3222,B,Mandalay,2019,March,Member,Female,Health and beauty,41,6,12,259,Credit card,246,5,12,8
346-12-3257,B,Mandalay,2019,March,Member,Male,Electronic accessories,19,9,9,182,Cash,173,5,9,8
110-05-6330,C,Naypyitaw,2019,March,Normal,Female,Food and beverages,39,6,12,248,Credit card,237,5,12,9
651-61-0874,C,Naypyitaw,2019,March,Normal,Male,Home and lifestyle,46,4,9,194,Credit card,185,5,9,6
236-86-3015,C,Naypyitaw,2019,February,Member,Male,Home and lifestyle,14,1,1,15,Ewallet,14,5,1,10
831-64-0259,B,Mandalay,2019,February,Normal,Female,Fashion accessories,40,5,10,209,Ewallet,199,5,10,10
587-03-7455,C,Naypyitaw,2019,February,Member,Female,Fashion accessories,98,7,34,719,Ewallet,685,5,34,5
882-40-4577,A,Yangon,2019,January,Member,Male,Sports and travel,67,4,14,282,Credit card,269,5,13,8
732-67-5346,A,Yangon,2019,January,Normal,Male,Food and beverages,14,5,3,72,Credit card,69,5,3,8
725-32-9708,B,Mandalay,2019,January,Member,Female,Fashion accessories,69,4,14,289,Cash,275,5,14,4
256-08-8343,A,Yangon,2019,March,Normal,Female,Home and lifestyle,57,4,11,237,Ewallet,226,5,11,6
372-26-1506,C,Naypyitaw,2019,January,Normal,Female,Fashion accessories,24,5,6,125,Ewallet,119,5,6,5
244-08-0162,B,Mandalay,2019,January,Normal,Female,Health and beauty,34,10,17,359,Cash,342,5,17,5
569-71-4390,B,Mandalay,2019,January,Normal,Male,Sports and travel,22,2,2,46,Ewallet,44,5,2,7
132-23-6451,A,Yangon,2019,January,Member,Male,Health and beauty,21,5,5,110,Cash,105,5,5,8
696-90-2548,A,Yangon,2019,March,Normal,Male,Sports and travel,26,3,4,81,Ewallet,78,5,4,7
472-15-9636,A,Yangon,2019,March,Normal,Male,Home and lifestyle,51,8,20,428,Ewallet,407,5,20,9
268-03-6164,B,Mandalay,2019,January,Normal,Male,Health and beauty,96,1,5,101,Ewallet,96,5,5,8
750-57-9686,C,Naypyitaw,2019,January,Normal,Female,Home and lifestyle,45,4,9,191,Credit card,182,5,9,9
186-09-3669,C,Naypyitaw,2019,January,Member,Female,Health and beauty,82,1,4,86,Ewallet,82,5,4,9
848-07-1692,B,Mandalay,2019,January,Normal,Female,Health and beauty,57,2,6,120,Ewallet,114,5,6,8
745-71-3520,A,Yangon,2019,February,Member,Female,Electronic accessories,25,7,9,185,Cash,177,5,9,8
266-76-6436,C,Naypyitaw,2019,March,Member,Female,Food and beverages,39,3,6,122,Ewallet,116,5,6,8
740-22-2500,C,Naypyitaw,2019,January,Normal,Female,Electronic accessories,84,3,13,265,Cash,252,5,13,10
271-88-8734,C,Naypyitaw,2019,February,Member,Female,Fashion accessories,97,10,49,1021,Credit card,972,5,49,9
301-81-8610,B,Mandalay,2019,March,Member,Male,Fashion accessories,25,8,10,214,Credit card,203,5,10,7
489-64-4354,C,Naypyitaw,2019,March,Normal,Male,Fashion accessories,16,1,1,17,Cash,16,5,1,5
198-84-7132,B,Mandalay,2019,January,Member,Male,Fashion accessories,41,9,18,384,Cash,365,5,18,7
269-10-8440,A,Yangon,2019,January,Member,Male,Health and beauty,53,7,19,391,Cash,372,5,19,9
650-98-6268,B,Mandalay,2019,March,Member,Female,Food and beverages,21,3,3,66,Credit card,63,5,3,8
741-73-3559,B,Mandalay,2019,February,Normal,Male,Sports and travel,67,5,17,353,Cash,336,5,17,7
325-77-6186,A,Yangon,2019,March,Member,Female,Home and lifestyle,91,10,45,952,Ewallet,907,5,45,7
286-75-7818,B,Mandalay,2019,January,Normal,Male,Fashion accessories,69,2,7,145,Credit card,138,5,7,7
574-57-9721,C,Naypyitaw,2019,March,Normal,Male,Food and beverages,43,2,4,91,Ewallet,87,5,4,6
459-50-7686,A,Yangon,2019,January,Normal,Female,Electronic accessories,24,6,7,148,Ewallet,141,5,7,6
616-87-0016,B,Mandalay,2019,March,Normal,Male,Fashion accessories,96,7,33,702,Credit card,669,5,33,10
837-55-7229,B,Mandalay,2019,February,Normal,Female,Fashion accessories,47,1,2,50,Credit card,47,5,2,7
751-69-0068,C,Naypyitaw,2019,March,Normal,Male,Sports and travel,99,9,45,938,Ewallet,893,5,45,9
257-73-1380,C,Naypyitaw,2019,January,Member,Male,Sports and travel,83,4,17,348,Ewallet,332,5,17,10
345-08-4992,A,Yangon,2019,March,Normal,Male,Home and lifestyle,34,6,10,214,Credit card,204,5,10,8
549-96-4200,C,Naypyitaw,2019,March,Member,Male,Food and beverages,17,4,3,72,Ewallet,68,5,3,7
810-60-6344,C,Naypyitaw,2019,February,Normal,Female,Electronic accessories,41,8,16,343,Credit card,327,5,16,7
450-28-2866,C,Naypyitaw,2019,January,Member,Male,Food and beverages,17,5,4,92,Cash,87,5,4,8
394-30-3170,B,Mandalay,2019,March,Member,Female,Sports and travel,88,8,35,743,Credit card,707,5,35,4
138-17-5109,A,Yangon,2019,January,Member,Female,Home and lifestyle,89,9,40,843,Credit card,803,5,40,7
192-98-7397,C,Naypyitaw,2019,January,Normal,Male,Fashion accessories,13,1,1,13,Ewallet,13,5,1,10
301-11-9629,A,Yangon,2019,January,Normal,Female,Sports and travel,19,7,7,140,Cash,134,5,7,10
390-80-5128,B,Mandalay,2019,January,Member,Female,Health and beauty,19,1,1,20,Credit card,19,5,1,10
235-46-8343,C,Naypyitaw,2019,February,Member,Male,Food and beverages,28,10,14,290,Credit card,277,5,14,9
453-12-7053,C,Naypyitaw,2019,March,Normal,Male,Fashion accessories,46,3,7,144,Credit card,137,5,7,7
296-11-7041,B,Mandalay,2019,January,Member,Female,Health and beauty,27,1,1,28,Credit card,27,5,1,5
449-27-2918,B,Mandalay,2019,March,Member,Female,Sports and travel,39,1,2,41,Credit card,39,5,2,10
891-01-7034,B,Mandalay,2019,January,Normal,Female,Electronic accessories,75,6,22,471,Cash,448,5,22,7
744-09-5786,B,Mandalay,2019,January,Normal,Male,Electronic accessories,22,6,7,139,Cash,132,5,7,8
727-17-0390,A,Yangon,2019,March,Normal,Female,Food and beverages,64,5,16,334,Ewallet,318,5,16,5
568-88-3448,A,Yangon,2019,March,Normal,Male,Health and beauty,25,1,1,26,Ewallet,25,5,1,6
187-83-5490,A,Yangon,2019,January,Member,Male,Electronic accessories,21,4,4,87,Cash,83,5,4,5
767-54-1907,B,Mandalay,2019,February,Member,Female,Fashion accessories,30,5,7,155,Cash,148,5,7,7
710-46-4433,B,Mandalay,2019,February,Member,Female,Food and beverages,77,9,35,731,Credit card,697,5,35,5
533-33-5337,B,Mandalay,2019,February,Normal,Male,Electronic accessories,79,10,40,834,Cash,794,5,40,6
325-90-8763,C,Naypyitaw,2019,January,Member,Female,Electronic accessories,47,10,23,489,Cash,466,5,23,8
729-46-7422,C,Naypyitaw,2019,February,Normal,Male,Food and beverages,36,1,2,38,Credit card,36,5,2,8
639-76-1242,C,Naypyitaw,2019,February,Normal,Male,Food and beverages,41,5,10,213,Cash,203,5,10,5
234-03-4040,B,Mandalay,2019,March,Member,Female,Food and beverages,73,10,37,767,Credit card,731,5,37,9
326-71-2155,C,Naypyitaw,2019,February,Normal,Female,Sports and travel,74,4,15,311,Cash,296,5,15,6
320-32-8842,C,Naypyitaw,2019,March,Member,Female,Food and beverages,23,1,1,24,Cash,23,5,1,6
470-32-9057,A,Yangon,2019,March,Member,Male,Food and beverages,51,5,13,270,Credit card,257,5,13,9
878-30-2331,C,Naypyitaw,2019,March,Member,Female,Sports and travel,55,10,27,573,Credit card,546,5,27,7
440-59-5691,C,Naypyitaw,2019,February,Member,Female,Health and beauty,37,7,13,273,Credit card,260,5,13,8
554-53-3790,B,Mandalay,2019,March,Normal,Male,Sports and travel,37,6,11,233,Cash,222,5,11,5
746-19-0921,C,Naypyitaw,2019,February,Normal,Male,Food and beverages,22,1,1,23,Ewallet,22,5,1,7
233-34-0817,C,Naypyitaw,2019,February,Member,Female,Electronic accessories,99,1,5,104,Cash,99,5,5,8
767-05-1286,C,Naypyitaw,2019,January,Member,Female,Home and lifestyle,84,6,25,528,Ewallet,503,5,25,5
340-21-9136,A,Yangon,2019,January,Member,Female,Sports and travel,40,4,8,168,Cash,160,5,8,10
405-31-3305,A,Yangon,2019,February,Member,Male,Fashion accessories,43,10,22,453,Credit card,431,5,22,6
731-59-7531,B,Mandalay,2019,March,Member,Male,Health and beauty,73,8,29,610,Cash,581,5,29,5
676-39-6028,A,Yangon,2019,March,Member,Female,Electronic accessories,64,5,16,338,Cash,322,5,16,7
502-05-1910,A,Yangon,2019,February,Normal,Male,Health and beauty,65,3,10,205,Credit card,196,5,10,6
485-30-8700,A,Yangon,2019,March,Normal,Female,Sports and travel,33,5,8,175,Credit card,166,5,8,4
598-47-9715,C,Naypyitaw,2019,March,Normal,Male,Electronic accessories,84,4,17,353,Ewallet,336,5,17,4
701-69-8742,B,Mandalay,2019,March,Normal,Male,Sports and travel,34,10,17,361,Ewallet,344,5,17,7
575-67-1508,A,Yangon,2019,January,Normal,Male,Electronic accessories,39,1,2,41,Ewallet,39,5,2,7
541-08-3113,C,Naypyitaw,2019,February,Normal,Male,Food and beverages,66,8,26,554,Cash,528,5,26,8
246-11-3901,C,Naypyitaw,2019,February,Normal,Female,Electronic accessories,33,10,16,344,Cash,328,5,16,6
674-15-9296,A,Yangon,2019,January,Normal,Male,Sports and travel,37,5,9,195,Ewallet,186,5,9,5
305-18-3552,B,Mandalay,2019,February,Member,Male,Home and lifestyle,60,10,30,634,Cash,604,5,30,6
493-65-6248,C,Naypyitaw,2019,January,Member,Female,Sports and travel,37,10,19,388,Credit card,370,5,18,7
438-01-4015,B,Mandalay,2019,March,Member,Female,Sports and travel,50,4,10,208,Ewallet,198,5,10,7
709-58-4068,B,Mandalay,2019,February,Normal,Female,Fashion accessories,41,10,21,431,Cash,411,5,21,7
795-49-7276,A,Yangon,2019,March,Normal,Male,Fashion accessories,37,4,7,156,Ewallet,149,5,7,8
556-72-8512,C,Naypyitaw,2019,January,Normal,Male,Home and lifestyle,23,1,1,24,Cash,23,5,1,4
627-95-3243,B,Mandalay,2019,February,Member,Female,Home and lifestyle,78,9,35,734,Ewallet,699,5,35,10
686-41-0932,B,Mandalay,2019,March,Normal,Female,Fashion accessories,35,2,4,73,Ewallet,69,5,3,8
510-09-5628,A,Yangon,2019,March,Member,Female,Fashion accessories,20,10,10,206,Credit card,197,5,10,7
608-04-3797,B,Mandalay,2019,March,Member,Female,Health and beauty,25,8,10,213,Ewallet,203,5,10,9
148-82-2527,C,Naypyitaw,2019,March,Member,Female,Home and lifestyle,12,10,6,127,Credit card,121,5,6,8
437-53-3084,B,Mandalay,2019,February,Normal,Male,Fashion accessories,100,2,10,210,Ewallet,200,5,10,7
632-32-4574,B,Mandalay,2019,March,Normal,Male,Sports and travel,76,8,30,638,Cash,607,5,30,6
556-97-7101,C,Naypyitaw,2019,January,Normal,Female,Electronic accessories,63,2,6,133,Cash,126,5,6,9
862-59-8517,C,Naypyitaw,2019,January,Normal,Female,Food and beverages,90,6,27,569,Cash,541,5,27,6
401-18-8016,B,Mandalay,2019,January,Member,Female,Sports and travel,98,1,5,103,Cash,98,5,5,9
420-18-8989,A,Yangon,2019,February,Member,Female,Sports and travel,52,8,21,433,Cash,412,5,21,10
277-63-2961,B,Mandalay,2019,February,Member,Male,Sports and travel,74,1,4,78,Credit card,74,5,4,5
573-98-8548,C,Naypyitaw,2019,January,Member,Female,Fashion accessories,32,1,2,33,Ewallet,32,5,2,9
620-02-2046,C,Naypyitaw,2019,January,Normal,Male,Home and lifestyle,69,2,7,146,Ewallet,139,5,7,9
282-35-2475,B,Mandalay,2019,March,Normal,Female,Sports and travel,93,2,9,196,Cash,187,5,9,6
511-54-3087,B,Mandalay,2019,February,Normal,Male,Sports and travel,89,1,4,93,Credit card,88,5,4,10
726-29-6793,A,Yangon,2019,January,Member,Male,Electronic accessories,24,8,10,203,Ewallet,193,5,10,10
387-49-4215,B,Mandalay,2019,January,Member,Female,Sports and travel,49,3,7,153,Cash,146,5,7,7
862-17-9201,B,Mandalay,2019,January,Normal,Female,Food and beverages,84,6,25,530,Credit card,504,5,25,8
291-21-5991,B,Mandalay,2019,March,Member,Male,Health and beauty,61,5,15,322,Cash,306,5,15,7
602-80-9671,C,Naypyitaw,2019,February,Member,Female,Home and lifestyle,16,6,5,100,Credit card,96,5,5,5
347-72-6115,B,Mandalay,2019,January,Member,Female,Sports and travel,91,7,32,667,Credit card,635,5,32,6
209-61-0206,A,Yangon,2019,January,Normal,Female,Home and lifestyle,43,5,11,225,Ewallet,215,5,11,6
595-27-4851,A,Yangon,2019,January,Normal,Female,Fashion accessories,54,7,19,399,Ewallet,380,5,19,9
189-52-0236,A,Yangon,2019,March,Normal,Male,Electronic accessories,100,7,35,732,Cash,697,5,35,8
503-07-0930,C,Naypyitaw,2019,February,Member,Male,Sports and travel,58,7,20,429,Credit card,409,5,20,8
413-20-6708,C,Naypyitaw,2019,March,Member,Female,Fashion accessories,52,1,3,54,Ewallet,51,5,3,9
425-85-2085,B,Mandalay,2019,March,Member,Male,Health and beauty,55,5,14,288,Ewallet,274,5,14,10
521-18-7827,C,Naypyitaw,2019,January,Member,Male,Home and lifestyle,39,5,10,207,Credit card,197,5,10,9
220-28-1851,A,Yangon,2019,March,Normal,Male,Home and lifestyle,35,2,4,73,Ewallet,69,5,3,10
600-38-9738,C,Naypyitaw,2019,January,Member,Male,Sports and travel,72,5,18,378,Credit card,360,5,18,4
734-91-1155,B,Mandalay,2019,March,Normal,Female,Electronic accessories,46,3,7,144,Credit card,137,5,7,8
451-28-5717,C,Naypyitaw,2019,March,Member,Female,Home and lifestyle,83,6,25,524,Cash,499,5,25,7
609-81-8548,A,Yangon,2019,February,Member,Female,Home and lifestyle,37,6,11,236,Credit card,225,5,11,6
133-14-7229,C,Naypyitaw,2019,January,Normal,Male,Health and beauty,63,2,6,132,Cash,126,5,6,5
534-01-4457,A,Yangon,2019,January,Normal,Male,Food and beverages,82,6,25,515,Credit card,490,5,25,8
719-89-8991,A,Yangon,2019,February,Member,Female,Sports and travel,91,5,23,480,Ewallet,457,5,23,7
286-62-6248,B,Mandalay,2019,January,Normal,Male,Fashion accessories,39,4,8,165,Credit card,157,5,8,9
339-38-9982,B,Mandalay,2019,January,Member,Male,Fashion accessories,60,2,6,126,Ewallet,120,5,6,7
827-44-5872,B,Mandalay,2019,February,Member,Female,Food and beverages,54,10,27,571,Credit card,544,5,27,6
827-77-7633,A,Yangon,2019,February,Normal,Male,Sports and travel,98,9,44,927,Cash,883,5,44,9
287-83-1405,A,Yangon,2019,February,Normal,Male,Health and beauty,25,6,8,160,Ewallet,153,5,8,7
435-13-4908,A,Yangon,2019,January,Member,Male,Fashion accessories,87,8,35,728,Credit card,693,5,35,7
857-67-9057,B,Mandalay,2019,February,Normal,Male,Electronic accessories,23,10,12,241,Ewallet,230,5,11,8
236-27-1144,C,Naypyitaw,2019,March,Normal,Female,Food and beverages,16,9,7,154,Ewallet,147,5,7,8
892-05-6689,A,Yangon,2019,March,Normal,Female,Home and lifestyle,28,5,7,149,Ewallet,142,5,7,6
583-41-4548,C,Naypyitaw,2019,February,Normal,Male,Home and lifestyle,17,7,6,123,Ewallet,117,5,6,7
339-12-4827,B,Mandalay,2019,January,Member,Female,Fashion accessories,74,1,4,78,Credit card,74,5,4,5
643-38-7867,A,Yangon,2019,March,Normal,Male,Home and lifestyle,98,1,5,103,Ewallet,98,5,5,7
308-81-0538,A,Yangon,2019,February,Normal,Female,Fashion accessories,73,4,15,307,Credit card,292,5,15,5
358-88-9262,C,Naypyitaw,2019,February,Member,Female,Food and beverages,88,6,26,551,Ewallet,525,5,26,5
460-35-4390,A,Yangon,2019,January,Normal,Male,Home and lifestyle,31,3,5,97,Ewallet,92,5,5,9
343-87-0864,C,Naypyitaw,2019,January,Member,Male,Health and beauty,76,1,4,80,Credit card,76,5,4,7
173-50-1108,B,Mandalay,2019,February,Member,Female,Sports and travel,20,4,4,85,Credit card,81,5,4,5
243-47-2663,C,Naypyitaw,2019,January,Member,Male,Electronic accessories,19,6,6,118,Credit card,113,5,6,6
841-18-8232,B,Mandalay,2019,January,Normal,Female,Food and beverages,71,1,4,75,Credit card,71,5,4,9
701-23-5550,B,Mandalay,2019,March,Member,Male,Home and lifestyle,39,4,8,163,Ewallet,155,5,8,5
647-50-1224,A,Yangon,2019,January,Normal,Female,Fashion accessories,29,10,15,309,Ewallet,294,5,15,9
541-48-8554,A,Yangon,2019,January,Normal,Male,Sports and travel,61,9,27,576,Credit card,549,5,27,6
539-21-7227,B,Mandalay,2019,January,Normal,Female,Sports and travel,52,5,13,271,Cash,258,5,13,4
213-32-1216,A,Yangon,2019,January,Normal,Female,Electronic accessories,66,6,20,416,Cash,396,5,20,7
747-58-7183,B,Mandalay,2019,February,Normal,Male,Fashion accessories,57,3,9,180,Ewallet,172,5,9,7
582-52-8065,B,Mandalay,2019,February,Normal,Female,Fashion accessories,54,9,24,513,Cash,489,5,24,9
210-57-1719,B,Mandalay,2019,February,Normal,Female,Health and beauty,58,9,26,550,Cash,524,5,26,10
399-69-4630,C,Naypyitaw,2019,March,Normal,Male,Electronic accessories,22,6,7,140,Credit card,133,5,7,9
134-75-2619,A,Yangon,2019,March,Member,Male,Electronic accessories,19,7,7,142,Cash,135,5,7,7
356-44-8813,B,Mandalay,2019,January,Normal,Male,Home and lifestyle,38,3,6,118,Credit card,112,5,6,8
198-66-9832,B,Mandalay,2019,February,Member,Female,Fashion accessories,72,2,7,151,Cash,144,5,7,10
283-26-5248,C,Naypyitaw,2019,January,Member,Female,Food and beverages,99,10,49,1034,Ewallet,985,5,49,5
712-39-0363,A,Yangon,2019,January,Member,Male,Food and beverages,42,6,13,262,Ewallet,250,5,13,6
218-59-9410,A,Yangon,2019,March,Member,Female,Home and lifestyle,72,3,11,228,Ewallet,217,5,11,8
174-75-0888,B,Mandalay,2019,March,Normal,Male,Electronic accessories,22,9,10,204,Cash,194,5,10,7
866-99-7614,C,Naypyitaw,2019,February,Normal,Male,Food and beverages,89,10,45,937,Credit card,892,5,45,4
134-54-4720,B,Mandalay,2019,January,Normal,Female,Electronic accessories,42,8,17,356,Ewallet,339,5,17,6
760-90-2357,A,Yangon,2019,March,Member,Male,Electronic accessories,75,6,22,469,Ewallet,447,5,22,5
514-37-2845,B,Mandalay,2019,March,Normal,Male,Fashion accessories,99,2,10,208,Cash,199,5,10,9
698-98-5964,A,Yangon,2019,January,Normal,Female,Food and beverages,81,10,41,853,Credit card,812,5,41,6
718-57-9773,C,Naypyitaw,2019,February,Normal,Female,Sports and travel,49,10,25,518,Credit card,493,5,25,9
651-88-7328,A,Yangon,2019,January,Normal,Female,Fashion accessories,66,9,30,621,Cash,592,5,30,8
241-11-2261,B,Mandalay,2019,January,Normal,Female,Fashion accessories,80,7,28,587,Credit card,559,5,28,6
408-26-9866,C,Naypyitaw,2019,March,Normal,Female,Sports and travel,74,7,26,544,Ewallet,518,5,26,4
834-83-1826,B,Mandalay,2019,February,Member,Female,Home and lifestyle,82,5,21,431,Credit card,410,5,21,8
343-61-3544,B,Mandalay,2019,January,Member,Male,Sports and travel,27,10,13,280,Cash,267,5,13,9
239-48-4278,A,Yangon,2019,March,Member,Male,Food and beverages,10,7,4,74,Ewallet,71,5,4,8
355-34-6244,B,Mandalay,2019,January,Normal,Male,Food and beverages,72,2,7,152,Credit card,145,5,7,8
550-84-8664,A,Yangon,2019,March,Normal,Male,Sports and travel,86,5,22,451,Credit card,430,5,21,9
339-96-8318,B,Mandalay,2019,March,Member,Male,Fashion accessories,81,7,29,598,Ewallet,569,5,28,6
458-61-0011,B,Mandalay,2019,February,Normal,Male,Food and beverages,60,4,12,253,Cash,241,5,12,6
592-34-6155,C,Naypyitaw,2019,January,Normal,Male,Food and beverages,32,4,6,133,Ewallet,127,5,6,6
797-88-0493,A,Yangon,2019,March,Normal,Female,Health and beauty,64,4,13,270,Cash,257,5,13,8
207-73-1363,B,Mandalay,2019,March,Normal,Male,Health and beauty,70,2,7,146,Ewallet,139,5,7,8
390-31-6381,C,Naypyitaw,2019,January,Normal,Male,Food and beverages,27,3,4,86,Cash,82,5,4,7
443-82-0585,A,Yangon,2019,February,Member,Female,Health and beauty,78,4,16,326,Cash,311,5,16,8
339-18-7061,C,Naypyitaw,2019,February,Member,Female,Fashion accessories,93,2,9,195,Credit card,186,5,9,8
359-90-3665,B,Mandalay,2019,January,Member,Female,Fashion accessories,18,4,4,76,Credit card,72,5,4,10
375-72-3056,B,Mandalay,2019,January,Normal,Male,Sports and travel,63,3,10,199,Ewallet,189,5,9,7
127-47-6963,A,Yangon,2019,March,Normal,Male,Health and beauty,52,4,10,217,Credit card,207,5,10,10
278-86-2735,A,Yangon,2019,March,Normal,Female,Food and beverages,52,3,8,165,Cash,157,5,8,9
695-28-6250,A,Yangon,2019,February,Normal,Female,Sports and travel,43,5,11,226,Ewallet,215,5,11,8
379-17-6588,C,Naypyitaw,2019,March,Normal,Male,Fashion accessories,60,10,30,626,Cash,596,5,30,5
227-50-3718,A,Yangon,2019,March,Normal,Male,Health and beauty,15,5,4,77,Cash,73,5,4,4
302-15-2162,C,Naypyitaw,2019,March,Member,Male,Health and beauty,47,6,14,293,Credit card,279,5,14,4
788-07-8452,C,Naypyitaw,2019,January,Member,Female,Home and lifestyle,24,7,9,178,Ewallet,170,5,8,9
560-49-6611,A,Yangon,2019,February,Member,Female,Sports and travel,46,1,2,48,Cash,46,5,2,10
880-35-0356,A,Yangon,2019,February,Member,Female,Sports and travel,75,3,11,237,Ewallet,226,5,11,5
585-11-6748,B,Mandalay,2019,March,Member,Male,Sports and travel,97,3,15,305,Cash,290,5,15,5
470-31-3286,B,Mandalay,2019,March,Normal,Male,Health and beauty,15,3,2,47,Credit card,44,5,2,9
152-68-2907,A,Yangon,2019,February,Normal,Male,Food and beverages,52,3,8,164,Credit card,157,5,8,10
123-35-4896,C,Naypyitaw,2019,February,Normal,Female,Sports and travel,47,9,21,441,Ewallet,420,5,21,5
258-69-7810,C,Naypyitaw,2019,January,Normal,Female,Fashion accessories,37,5,9,193,Cash,184,5,9,9
334-64-2006,A,Yangon,2019,March,Member,Female,Home and lifestyle,70,2,7,148,Ewallet,141,5,7,10
219-61-4139,C,Naypyitaw,2019,January,Normal,Male,Electronic accessories,83,1,4,87,Ewallet,83,5,4,6
881-41-7302,C,Naypyitaw,2019,January,Normal,Female,Fashion accessories,65,1,3,68,Credit card,65,5,3,5
373-09-4567,C,Naypyitaw,2019,March,Normal,Male,Food and beverages,78,10,39,814,Ewallet,776,5,39,7
642-30-6693,B,Mandalay,2019,March,Normal,Female,Sports and travel,55,6,16,343,Ewallet,327,5,16,8
484-22-8230,C,Naypyitaw,2019,January,Member,Female,Fashion accessories,52,7,18,381,Cash,363,5,18,5
830-58-2383,B,Mandalay,2019,February,Normal,Male,Home and lifestyle,32,4,6,133,Cash,127,5,6,9
559-98-9873,A,Yangon,2019,February,Member,Female,Fashion accessories,54,7,19,394,Ewallet,376,5,19,5
544-32-5024,C,Naypyitaw,2019,March,Member,Female,Food and beverages,50,4,10,209,Credit card,199,5,10,6
318-12-0304,A,Yangon,2019,January,Normal,Male,Fashion accessories,31,1,2,32,Ewallet,31,5,2,5
349-97-8902,B,Mandalay,2019,January,Member,Male,Food and beverages,58,2,6,122,Ewallet,116,5,6,9
421-95-9805,A,Yangon,2019,February,Normal,Female,Electronic accessories,29,1,1,30,Credit card,29,5,1,6
277-35-5865,C,Naypyitaw,2019,March,Member,Female,Food and beverages,99,9,45,935,Cash,891,5,45,7
789-23-8625,B,Mandalay,2019,January,Member,Male,Fashion accessories,93,3,14,294,Cash,280,5,14,7
284-54-4231,C,Naypyitaw,2019,January,Member,Male,Sports and travel,81,1,4,85,Credit card,81,5,4,9
443-59-0061,A,Yangon,2019,February,Member,Male,Food and beverages,68,10,34,708,Ewallet,675,5,34,4
509-29-3912,A,Yangon,2019,March,Member,Female,Sports and travel,39,9,17,366,Ewallet,348,5,17,4
327-40-9673,B,Mandalay,2019,January,Member,Male,Sports and travel,73,6,22,457,Cash,436,5,22,7
840-19-2096,C,Naypyitaw,2019,March,Member,Male,Electronic accessories,88,5,22,462,Ewallet,440,5,22,4
828-46-6863,A,Yangon,2019,January,Member,Male,Food and beverages,99,6,30,621,Credit card,591,5,30,4
641-96-3695,C,Naypyitaw,2019,February,Member,Female,Fashion accessories,44,6,13,274,Ewallet,261,5,13,9
420-97-3340,A,Yangon,2019,March,Normal,Female,Food and beverages,72,3,11,226,Credit card,215,5,11,9
436-54-4512,A,Yangon,2019,March,Member,Female,Food and beverages,92,1,5,96,Cash,92,5,5,10
670-79-6321,B,Mandalay,2019,January,Member,Female,Home and lifestyle,95,7,33,695,Credit card,662,5,33,5
852-62-7105,B,Mandalay,2019,January,Normal,Female,Fashion accessories,83,10,42,874,Credit card,833,5,42,4
598-06-7312,B,Mandalay,2019,February,Member,Male,Fashion accessories,91,1,5,96,Cash,91,5,5,7
135-13-8269,B,Mandalay,2019,January,Member,Female,Food and beverages,79,2,8,166,Cash,158,5,8,9
816-57-2053,A,Yangon,2019,March,Normal,Male,Sports and travel,61,2,6,128,Ewallet,122,5,6,9
628-90-8624,B,Mandalay,2019,March,Member,Male,Health and beauty,83,10,41,867,Cash,826,5,41,5
856-66-2701,A,Yangon,2019,January,Member,Male,Home and lifestyle,53,3,8,168,Ewallet,160,5,8,8
308-39-1707,A,Yangon,2019,January,Normal,Female,Fashion accessories,12,1,1,13,Credit card,12,5,1,8
149-61-1929,A,Yangon,2019,January,Normal,Male,Sports and travel,64,10,32,674,Credit card,642,5,32,7
655-07-2265,A,Yangon,2019,March,Normal,Male,Electronic accessories,78,3,12,247,Ewallet,235,5,12,5
589-02-8023,A,Yangon,2019,January,Member,Male,Food and beverages,84,2,8,176,Credit card,168,5,8,7
420-04-7590,B,Mandalay,2019,March,Normal,Male,Home and lifestyle,100,3,15,314,Ewallet,299,5,15,5
182-88-2763,B,Mandalay,2019,March,Member,Male,Food and beverages,80,3,12,252,Credit card,240,5,12,5
188-55-0967,B,Mandalay,2019,January,Member,Male,Health and beauty,67,10,33,698,Credit card,665,5,33,5
610-46-4100,A,Yangon,2019,March,Normal,Male,Health and beauty,29,7,10,213,Credit card,203,5,10,6
318-81-2368,C,Naypyitaw,2019,March,Normal,Female,Electronic accessories,46,1,2,49,Cash,46,5,2,6
364-33-8584,B,Mandalay,2019,March,Member,Female,Food and beverages,18,5,4,93,Cash,88,5,4,9
665-63-9737,B,Mandalay,2019,February,Normal,Male,Fashion accessories,52,3,8,165,Ewallet,157,5,8,8
695-09-5146,B,Mandalay,2019,February,Member,Female,Food and beverages,99,3,15,311,Ewallet,296,5,15,6
155-45-3814,C,Naypyitaw,2019,March,Member,Female,Electronic accessories,89,8,35,744,Ewallet,708,5,35,5
794-32-2436,B,Mandalay,2019,March,Member,Male,Electronic accessories,56,2,6,117,Ewallet,111,5,6,6
131-15-8856,C,Naypyitaw,2019,March,Member,Female,Food and beverages,73,8,29,609,Credit card,580,5,29,4
273-84-2164,C,Naypyitaw,2019,February,Member,Male,Electronic accessories,12,5,3,63,Ewallet,60,5,3,6
706-36-6154,A,Yangon,2019,January,Member,Male,Home and lifestyle,19,9,9,183,Ewallet,174,5,9,9
778-89-7974,C,Naypyitaw,2019,March,Normal,Male,Health and beauty,70,6,21,442,Cash,421,5,21,7
574-31-8277,B,Mandalay,2019,March,Member,Male,Fashion accessories,34,1,2,35,Cash,34,5,2,6
859-71-0933,C,Naypyitaw,2019,January,Member,Female,Sports and travel,16,2,2,33,Cash,31,5,2,6
740-11-5257,C,Naypyitaw,2019,February,Normal,Male,Electronic accessories,25,10,12,260,Cash,247,5,12,7
369-82-2676,B,Mandalay,2019,January,Normal,Male,Electronic accessories,76,5,19,397,Ewallet,378,5,19,8
563-47-4072,B,Mandalay,2019,January,Normal,Female,Health and beauty,56,6,17,352,Cash,335,5,17,10
742-04-5161,A,Yangon,2019,February,Member,Male,Home and lifestyle,73,10,36,764,Cash,728,5,36,7
149-15-7606,B,Mandalay,2019,March,Member,Male,Sports and travel,37,9,17,353,Ewallet,336,5,17,5
133-77-3154,B,Mandalay,2019,February,Member,Male,Fashion accessories,60,4,12,253,Credit card,241,5,12,9
169-52-4504,A,Yangon,2019,March,Normal,Female,Electronic accessories,16,3,2,49,Credit card,47,5,2,6
250-81-7186,C,Naypyitaw,2019,February,Normal,Female,Electronic accessories,100,1,5,105,Credit card,100,5,5,8
562-12-5430,A,Yangon,2019,January,Member,Female,Fashion accessories,88,3,13,278,Ewallet,264,5,13,8
816-72-8853,A,Yangon,2019,January,Member,Female,Sports and travel,28,5,7,147,Cash,140,5,7,6
491-38-3499,A,Yangon,2019,February,Member,Male,Fashion accessories,56,1,3,58,Credit card,55,5,3,5
322-02-2271,B,Mandalay,2019,February,Normal,Female,Sports and travel,43,3,6,135,Cash,129,5,6,9
842-29-4695,C,Naypyitaw,2019,January,Member,Male,Sports and travel,17,7,6,126,Credit card,120,5,6,8
725-67-2480,B,Mandalay,2019,March,Member,Female,Fashion accessories,59,6,18,370,Credit card,353,5,18,6
641-51-2661,C,Naypyitaw,2019,February,Member,Female,Food and beverages,87,10,44,915,Credit card,871,5,44,10
714-02-3114,C,Naypyitaw,2019,February,Normal,Female,Sports and travel,99,2,10,207,Cash,198,5,10,8
518-17-2983,A,Yangon,2019,February,Normal,Female,Fashion accessories,49,4,10,204,Ewallet,195,5,10,8
779-42-2410,B,Mandalay,2019,February,Member,Male,Food and beverages,58,3,9,182,Ewallet,173,5,9,8
190-14-3147,B,Mandalay,2019,February,Normal,Female,Health and beauty,18,4,4,75,Ewallet,72,5,4,6
408-66-6712,C,Naypyitaw,2019,February,Member,Female,Health and beauty,48,6,14,301,Ewallet,286,5,14,4
679-22-6530,B,Mandalay,2019,January,Normal,Female,Sports and travel,41,2,4,85,Credit card,81,5,4,4
588-47-8641,A,Yangon,2019,January,Member,Male,Fashion accessories,56,10,28,588,Ewallet,560,5,28,4
642-61-4706,B,Mandalay,2019,March,Member,Male,Food and beverages,93,2,9,196,Cash,187,5,9,6
576-31-4774,B,Mandalay,2019,March,Normal,Female,Health and beauty,73,3,11,231,Ewallet,220,5,11,4
556-41-6224,C,Naypyitaw,2019,February,Normal,Male,Health and beauty,34,8,14,283,Credit card,269,5,13,9
811-03-8790,A,Yangon,2019,March,Normal,Female,Electronic accessories,46,10,23,478,Credit card,455,5,23,5
242-11-3142,B,Mandalay,2019,February,Member,Male,Fashion accessories,84,2,8,176,Cash,168,5,8,5
752-23-3760,B,Mandalay,2019,February,Member,Female,Sports and travel,64,7,22,471,Credit card,449,5,22,7
274-05-5470,A,Yangon,2019,February,Member,Female,Food and beverages,74,4,15,309,Cash,294,5,15,6
648-94-3045,C,Naypyitaw,2019,February,Normal,Male,Health and beauty,59,10,30,619,Ewallet,590,5,29,8
130-67-4723,A,Yangon,2019,January,Member,Male,Food and beverages,49,6,15,306,Ewallet,291,5,15,9
528-87-5606,B,Mandalay,2019,February,Member,Female,Electronic accessories,40,1,2,41,Cash,39,5,2,7
320-85-2052,B,Mandalay,2019,January,Normal,Female,Sports and travel,35,1,2,37,Credit card,35,5,2,7
370-96-0655,C,Naypyitaw,2019,January,Normal,Female,Fashion accessories,49,6,15,311,Ewallet,296,5,15,7
105-10-6182,A,Yangon,2019,February,Member,Male,Fashion accessories,22,2,2,45,Ewallet,43,5,2,7
510-79-0415,B,Mandalay,2019,January,Member,Female,Sports and travel,23,6,7,145,Ewallet,138,5,7,5
241-96-5076,B,Mandalay,2019,January,Member,Female,Home and lifestyle,49,2,5,103,Credit card,98,5,5,6
767-97-4650,B,Mandalay,2019,January,Member,Female,Sports and travel,65,2,7,136,Credit card,130,5,6,8
648-83-1321,A,Yangon,2019,January,Member,Male,Home and lifestyle,64,10,32,667,Cash,636,5,32,4
173-57-2300,C,Naypyitaw,2019,March,Member,Male,Sports and travel,73,2,7,153,Cash,146,5,7,6
305-03-2383,A,Yangon,2019,February,Normal,Female,Food and beverages,67,3,10,211,Cash,201,5,10,8
394-55-6384,C,Naypyitaw,2019,January,Member,Female,Sports and travel,70,9,32,663,Cash,632,5,32,7
266-20-6657,C,Naypyitaw,2019,March,Member,Male,Food and beverages,55,7,19,405,Ewallet,385,5,19,5
689-05-1884,A,Yangon,2019,March,Member,Male,Health and beauty,49,10,24,511,Cash,486,5,24,9
196-01-2849,C,Naypyitaw,2019,February,Member,Female,Fashion accessories,73,7,26,539,Cash,514,5,26,10
372-62-5264,C,Naypyitaw,2019,January,Normal,Female,Food and beverages,53,9,24,497,Cash,473,5,24,8
800-09-8606,A,Yangon,2019,January,Member,Female,Home and lifestyle,87,5,22,459,Cash,437,5,22,7
182-52-7000,A,Yangon,2019,January,Member,Female,Sports and travel,27,4,5,114,Ewallet,108,5,5,7
826-58-8051,B,Mandalay,2019,January,Normal,Male,Home and lifestyle,62,4,12,261,Ewallet,249,5,12,4
868-06-0466,A,Yangon,2019,February,Member,Male,Electronic accessories,70,9,31,658,Credit card,626,5,31,8
751-41-9720,C,Naypyitaw,2019,January,Normal,Male,Home and lifestyle,98,10,49,1024,Ewallet,975,5,49,8
626-43-7888,C,Naypyitaw,2019,February,Normal,Female,Fashion accessories,60,8,24,507,Ewallet,483,5,24,10
176-64-7711,B,Mandalay,2019,March,Normal,Male,Food and beverages,32,3,5,102,Credit card,97,5,5,4
191-29-0321,B,Mandalay,2019,February,Member,Female,Fashion accessories,20,10,10,208,Credit card,198,5,10,5
729-06-2010,B,Mandalay,2019,January,Member,Male,Health and beauty,81,9,36,760,Cash,724,5,36,9
640-48-5028,B,Mandalay,2019,March,Member,Female,Home and lifestyle,88,9,40,835,Cash,796,5,40,6
186-79-9562,B,Mandalay,2019,March,Normal,Male,Health and beauty,72,7,25,528,Cash,502,5,25,9
834-45-5519,B,Mandalay,2019,January,Normal,Female,Electronic accessories,43,4,9,181,Ewallet,172,5,9,8
162-65-8559,C,Naypyitaw,2019,January,Member,Male,Food and beverages,69,1,3,72,Cash,69,5,3,5
760-27-5490,C,Naypyitaw,2019,January,Normal,Male,Fashion accessories,16,8,6,131,Ewallet,125,5,6,9
445-30-9252,A,Yangon,2019,January,Normal,Male,Sports and travel,26,3,4,81,Ewallet,77,5,4,6
786-94-2700,A,Yangon,2019,February,Member,Male,Food and beverages,81,6,24,508,Cash,484,5,24,9
728-88-7867,C,Naypyitaw,2019,March,Member,Female,Home and lifestyle,76,4,15,317,Ewallet,302,5,15,8
183-21-3799,C,Naypyitaw,2019,February,Normal,Female,Electronic accessories,78,9,35,734,Ewallet,699,5,35,7
268-20-3585,C,Naypyitaw,2019,February,Normal,Female,Health and beauty,14,9,6,131,Ewallet,125,5,6,6
735-32-9839,C,Naypyitaw,2019,January,Member,Male,Fashion accessories,99,8,40,829,Ewallet,790,5,39,9
258-92-7466,A,Yangon,2019,February,Normal,Female,Health and beauty,36,5,9,187,Credit card,178,5,9,7
857-16-3520,A,Yangon,2019,March,Member,Female,Fashion accessories,72,7,25,525,Ewallet,500,5,25,5
482-17-1179,A,Yangon,2019,January,Member,Male,Electronic accessories,12,3,2,38,Credit card,36,5,2,8
788-21-5741,A,Yangon,2019,February,Normal,Male,Fashion accessories,45,3,7,143,Credit card,136,5,7,7
821-14-9046,B,Mandalay,2019,January,Member,Female,Fashion accessories,18,6,5,110,Credit card,105,5,5,6
418-05-0656,B,Mandalay,2019,February,Normal,Female,Fashion accessories,26,7,9,188,Cash,179,5,9,7
678-79-0726,C,Naypyitaw,2019,January,Member,Female,Sports and travel,91,9,41,856,Cash,816,5,41,5
776-68-1096,B,Mandalay,2019,March,Normal,Male,Home and lifestyle,44,3,7,139,Credit card,132,5,7,8
592-46-1692,C,Naypyitaw,2019,January,Member,Female,Food and beverages,37,7,13,270,Cash,257,5,13,7
434-35-9162,B,Mandalay,2019,February,Member,Male,Food and beverages,23,4,5,98,Ewallet,93,5,5,7
149-14-0304,C,Naypyitaw,2019,February,Member,Female,Health and beauty,29,8,11,239,Cash,228,5,11,7
442-44-6497,C,Naypyitaw,2019,January,Member,Male,Home and lifestyle,56,3,8,175,Credit card,167,5,8,6
174-64-0215,B,Mandalay,2019,March,Normal,Male,Sports and travel,70,10,35,732,Credit card,697,5,35,9
210-74-9613,C,Naypyitaw,2019,March,Normal,Male,Fashion accessories,97,4,20,408,Ewallet,389,5,19,7
299-29-0180,B,Mandalay,2019,March,Member,Female,Home and lifestyle,52,7,18,384,Cash,365,5,18,9
247-11-2470,A,Yangon,2019,March,Member,Female,Fashion accessories,22,4,5,94,Credit card,89,5,4,4
635-28-5728,A,Yangon,2019,February,Normal,Male,Health and beauty,56,3,8,176,Ewallet,168,5,8,5
756-49-0168,A,Yangon,2019,February,Member,Male,Fashion accessories,20,1,1,21,Ewallet,20,5,1,10
438-23-1242,B,Mandalay,2019,January,Normal,Male,Electronic accessories,76,7,27,558,Ewallet,531,5,27,9
238-45-6950,B,Mandalay,2019,March,Member,Male,Food and beverages,54,1,3,56,Ewallet,54,5,3,6
607-65-2441,C,Naypyitaw,2019,March,Member,Male,Health and beauty,82,10,41,860,Credit card,820,5,41,6
386-27-7606,C,Naypyitaw,2019,March,Member,Female,Home and lifestyle,81,7,28,597,Credit card,568,5,28,8
137-63-5492,C,Naypyitaw,2019,January,Normal,Male,Electronic accessories,59,10,29,617,Ewallet,588,5,29,9
197-77-7132,B,Mandalay,2019,January,Member,Male,Electronic accessories,92,8,37,769,Ewallet,732,5,37,6
805-86-0265,A,Yangon,2019,March,Normal,Male,Home and lifestyle,94,9,42,888,Cash,846,5,42,10
733-29-1227,C,Naypyitaw,2019,March,Normal,Male,Home and lifestyle,56,7,20,409,Cash,389,5,19,9
451-73-2711,C,Naypyitaw,2019,January,Normal,Male,Food and beverages,85,1,4,89,Ewallet,85,5,4,9
373-14-0504,A,Yangon,2019,February,Member,Female,Sports and travel,72,2,7,150,Ewallet,143,5,7,9
546-80-2899,A,Yangon,2019,February,Member,Male,Home and lifestyle,38,2,4,79,Ewallet,75,5,4,10
345-68-9016,C,Naypyitaw,2019,January,Member,Female,Sports and travel,32,8,13,266,Credit card,253,5,13,6
390-17-5806,C,Naypyitaw,2019,February,Member,Female,Food and beverages,38,1,2,40,Cash,38,5,2,9
457-13-1708,B,Mandalay,2019,January,Member,Male,Fashion accessories,65,10,33,685,Credit card,652,5,33,5
664-14-2882,C,Naypyitaw,2019,January,Member,Female,Home and lifestyle,11,5,3,55,Credit card,53,5,3,6
487-79-6868,B,Mandalay,2019,March,Member,Female,Home and lifestyle,12,9,6,116,Credit card,111,5,6,8
314-23-4520,C,Naypyitaw,2019,January,Member,Male,Health and beauty,81,7,28,597,Cash,569,5,28,9
210-30-7976,B,Mandalay,2019,March,Member,Female,Fashion accessories,22,4,5,94,Ewallet,89,5,4,4
585-86-8361,A,Yangon,2019,February,Normal,Female,Food and beverages,27,5,7,143,Credit card,136,5,7,9
807-14-7833,A,Yangon,2019,February,Member,Female,Electronic accessories,17,10,9,183,Ewallet,174,5,9,7
775-72-1988,B,Mandalay,2019,January,Normal,Male,Home and lifestyle,73,5,18,385,Ewallet,366,5,18,8
288-38-3758,C,Naypyitaw,2019,January,Member,Female,Fashion accessories,85,3,13,267,Ewallet,255,5,13,7
652-43-6591,A,Yangon,2019,March,Normal,Female,Fashion accessories,97,8,39,817,Credit card,778,5,39,6
785-96-0615,B,Mandalay,2019,February,Member,Female,Electronic accessories,36,8,14,300,Ewallet,286,5,14,5
406-46-7107,A,Yangon,2019,January,Normal,Female,Home and lifestyle,97,6,29,608,Cash,579,5,29,5
250-17-5703,A,Yangon,2019,February,Member,Male,Food and beverages,19,10,9,198,Ewallet,189,5,9,6
156-95-3964,A,Yangon,2019,March,Normal,Female,Food and beverages,55,4,11,233,Ewallet,222,5,11,8
842-40-8179,B,Mandalay,2019,February,Member,Female,Food and beverages,77,10,39,811,Credit card,772,5,39,6
525-09-8450,B,Mandalay,2019,January,Normal,Male,Electronic accessories,72,10,36,757,Credit card,721,5,36,4
410-67-1709,A,Yangon,2019,January,Member,Female,Fashion accessories,64,8,26,537,Ewallet,511,5,26,10
587-73-4862,A,Yangon,2019,March,Member,Female,Health and beauty,11,5,3,56,Ewallet,53,5,3,8
787-87-2010,A,Yangon,2019,January,Member,Male,Health and beauty,56,4,11,233,Credit card,222,5,11,7
593-14-4239,B,Mandalay,2019,March,Normal,Female,Home and lifestyle,96,8,38,802,Ewallet,764,5,38,5
801-88-0346,C,Naypyitaw,2019,January,Normal,Female,Fashion accessories,76,3,11,240,Credit card,228,5,11,10
388-76-2555,B,Mandalay,2019,February,Normal,Male,Sports and travel,14,6,4,86,Cash,82,5,4,6
711-31-1234,B,Mandalay,2019,March,Normal,Female,Electronic accessories,96,4,19,402,Cash,383,5,19,8
886-54-6089,A,Yangon,2019,January,Normal,Female,Home and lifestyle,11,6,3,72,Cash,69,5,3,8
707-32-7409,B,Mandalay,2019,February,Member,Female,Sports and travel,96,4,19,401,Ewallet,382,5,19,5
759-98-4285,C,Naypyitaw,2019,February,Member,Female,Health and beauty,86,7,30,631,Credit card,601,5,30,8
201-63-8275,C,Naypyitaw,2019,February,Member,Female,Sports and travel,68,7,24,500,Ewallet,476,5,24,6
471-06-8611,C,Naypyitaw,2019,February,Normal,Female,Food and beverages,52,1,3,55,Credit card,52,5,3,6
200-16-5952,C,Naypyitaw,2019,January,Member,Male,Food and beverages,66,2,7,138,Cash,131,5,7,6
120-54-2248,B,Mandalay,2019,January,Normal,Female,Food and beverages,29,5,7,152,Credit card,144,5,7,8
102-77-2261,C,Naypyitaw,2019,March,Member,Male,Health and beauty,65,7,23,480,Credit card,457,5,23,4
875-31-8302,B,Mandalay,2019,January,Normal,Male,Sports and travel,93,1,5,98,Cash,93,5,5,10
102-06-2002,C,Naypyitaw,2019,March,Member,Male,Sports and travel,25,5,6,133,Cash,126,5,6,6
457-94-0464,B,Mandalay,2019,January,Member,Male,Electronic accessories,88,9,40,830,Ewallet,791,5,40,6
629-42-4133,C,Naypyitaw,2019,February,Normal,Male,Health and beauty,22,8,9,183,Cash,174,5,9,8
534-53-3526,A,Yangon,2019,February,Normal,Female,Sports and travel,95,4,19,398,Ewallet,379,5,19,8
307-04-2070,A,Yangon,2019,February,Member,Female,Fashion accessories,31,1,2,32,Credit card,31,5,2,4
468-99-7231,C,Naypyitaw,2019,March,Normal,Female,Home and lifestyle,44,8,18,370,Cash,352,5,18,9
516-77-6464,C,Naypyitaw,2019,February,Member,Female,Health and beauty,10,5,3,53,Ewallet,51,5,3,4
404-91-5964,A,Yangon,2019,February,Normal,Male,Electronic accessories,75,7,26,548,Credit card,522,5,26,9
886-77-9084,C,Naypyitaw,2019,February,Normal,Male,Electronic accessories,72,8,29,604,Ewallet,575,5,29,6
790-38-4466,C,Naypyitaw,2019,January,Normal,Female,Health and beauty,11,5,3,58,Credit card,55,5,3,9
704-10-4056,C,Naypyitaw,2019,January,Member,Male,Health and beauty,61,3,9,190,Credit card,181,5,9,6
497-37-6538,A,Yangon,2019,January,Normal,Male,Sports and travel,59,7,21,433,Ewallet,412,5,21,10
651-96-5970,A,Yangon,2019,March,Normal,Male,Fashion accessories,46,1,2,49,Credit card,46,5,2,4
400-80-4065,C,Naypyitaw,2019,February,Member,Male,Health and beauty,69,4,14,288,Credit card,274,5,14,9
744-16-7898,B,Mandalay,2019,January,Normal,Female,Home and lifestyle,97,10,49,1022,Credit card,974,5,49,5
263-12-5321,A,Yangon,2019,February,Member,Male,Electronic accessories,93,7,32,681,Credit card,648,5,32,9
702-72-0487,A,Yangon,2019,February,Normal,Female,Electronic accessories,47,2,5,98,Credit card,93,5,5,7
605-83-1050,B,Mandalay,2019,March,Normal,Male,Fashion accessories,27,2,3,57,Ewallet,54,5,3,4
443-60-9639,C,Naypyitaw,2019,January,Member,Female,Home and lifestyle,61,1,3,64,Cash,61,5,3,6
864-24-7918,A,Yangon,2019,February,Member,Female,Sports and travel,25,10,12,257,Cash,245,5,12,8
359-94-5395,B,Mandalay,2019,March,Normal,Male,Health and beauty,93,1,5,97,Credit card,93,5,5,10
401-09-4232,C,Naypyitaw,2019,February,Member,Male,Home and lifestyle,87,5,22,455,Ewallet,433,5,22,9
751-15-6198,B,Mandalay,2019,January,Normal,Male,Sports and travel,23,6,7,145,Ewallet,138,5,7,8
324-41-6833,C,Naypyitaw,2019,March,Member,Female,Electronic accessories,30,8,12,254,Ewallet,242,5,12,5
474-33-8305,C,Naypyitaw,2019,March,Member,Male,Fashion accessories,67,7,24,495,Ewallet,472,5,24,7
759-29-9521,A,Yangon,2019,March,Member,Female,Fashion accessories,49,9,22,463,Cash,441,5,22,8
831-81-6575,B,Mandalay,2019,February,Member,Female,Electronic accessories,76,9,34,714,Cash,680,5,34,8
220-68-6701,A,Yangon,2019,March,Normal,Female,Home and lifestyle,78,4,16,325,Cash,310,5,15,4
618-34-8551,A,Yangon,2019,January,Normal,Female,Sports and travel,93,2,9,196,Credit card,186,5,9,9
257-60-7754,A,Yangon,2019,January,Normal,Female,Electronic accessories,50,4,10,211,Cash,201,5,10,9
559-61-5987,B,Mandalay,2019,January,Normal,Female,Health and beauty,18,1,1,19,Cash,18,5,1,9
189-55-2313,C,Naypyitaw,2019,January,Normal,Female,Fashion accessories,62,10,31,653,Ewallet,622,5,31,6
565-91-4567,B,Mandalay,2019,March,Normal,Male,Health and beauty,11,8,4,90,Ewallet,86,5,4,6
380-60-5336,A,Yangon,2019,February,Normal,Female,Electronic accessories,40,10,20,423,Credit card,403,5,20,5
815-04-6282,C,Naypyitaw,2019,February,Member,Female,Sports and travel,65,5,16,341,Credit card,325,5,16,7
674-56-6360,A,Yangon,2019,March,Normal,Male,Electronic accessories,95,1,5,100,Cash,95,5,5,6
778-34-2523,A,Yangon,2019,January,Member,Female,Electronic accessories,49,8,19,408,Cash,389,5,19,5
499-27-7781,B,Mandalay,2019,March,Normal,Female,Food and beverages,53,8,21,447,Ewallet,426,5,21,5
477-59-2456,C,Naypyitaw,2019,January,Normal,Female,Fashion accessories,45,7,16,334,Cash,318,5,16,9
832-51-6761,A,Yangon,2019,January,Normal,Male,Food and beverages,34,8,14,285,Ewallet,271,5,14,10
869-11-3082,B,Mandalay,2019,January,Member,Male,Health and beauty,96,4,19,404,Credit card,385,5,19,8
190-59-3964,B,Mandalay,2019,February,Member,Male,Food and beverages,47,5,12,248,Credit card,236,5,12,6
366-43-6862,B,Mandalay,2019,March,Normal,Male,Electronic accessories,53,4,11,222,Ewallet,212,5,11,7
186-43-8965,A,Yangon,2019,February,Member,Female,Home and lifestyle,48,2,5,100,Credit card,95,5,5,4
784-21-9238,C,Naypyitaw,2019,February,Member,Male,Sports and travel,10,1,1,11,Cash,10,5,1,6
276-75-6884,A,Yangon,2019,March,Normal,Female,Health and beauty,69,3,10,216,Cash,206,5,10,9
109-86-4363,B,Mandalay,2019,February,Member,Female,Sports and travel,60,7,21,442,Credit card,421,5,21,5
569-76-2760,A,Yangon,2019,January,Member,Female,Sports and travel,22,4,4,92,Credit card,88,5,4,7
222-42-0244,B,Mandalay,2019,January,Member,Female,Health and beauty,72,9,32,681,Credit card,649,5,32,8
760-53-9233,A,Yangon,2019,March,Member,Male,Fashion accessories,41,3,6,130,Credit card,124,5,6,9
538-22-0304,C,Naypyitaw,2019,March,Normal,Male,Electronic accessories,65,10,33,682,Cash,650,5,32,5
416-17-9926,A,Yangon,2019,January,Member,Female,Electronic accessories,74,10,37,779,Credit card,742,5,37,4
237-44-6163,A,Yangon,2019,January,Normal,Male,Electronic accessories,11,8,4,89,Cash,84,5,4,8
636-17-0325,B,Mandalay,2019,February,Normal,Male,Health and beauty,63,4,13,263,Cash,250,5,13,10
343-75-9322,B,Mandalay,2019,January,Member,Female,Sports and travel,12,8,5,100,Cash,95,5,5,4
528-14-9470,A,Yangon,2019,February,Member,Male,Health and beauty,91,1,5,96,Ewallet,91,5,5,9
427-45-9297,B,Mandalay,2019,March,Member,Female,Home and lifestyle,41,7,14,299,Ewallet,285,5,14,5
807-34-3742,A,Yangon,2019,March,Normal,Male,Fashion accessories,52,1,3,55,Cash,52,5,3,6
288-62-1085,A,Yangon,2019,January,Member,Male,Fashion accessories,39,5,10,202,Ewallet,193,5,10,6
670-71-7306,B,Mandalay,2019,January,Normal,Male,Sports and travel,45,6,13,281,Credit card,268,5,13,5
660-29-7083,C,Naypyitaw,2019,January,Normal,Male,Electronic accessories,56,10,28,587,Cash,559,5,28,6
271-77-8740,C,Naypyitaw,2019,January,Member,Female,Sports and travel,29,6,9,184,Ewallet,175,5,9,5
497-36-0989,A,Yangon,2019,February,Normal,Male,Fashion accessories,52,3,8,164,Cash,156,5,8,8
291-59-1384,B,Mandalay,2019,February,Normal,Male,Electronic accessories,60,1,3,63,Cash,60,5,3,6
860-73-6466,A,Yangon,2019,March,Member,Female,Sports and travel,40,2,4,83,Credit card,79,5,4,5
549-23-9016,C,Naypyitaw,2019,February,Member,Female,Food and beverages,15,2,2,31,Credit card,30,5,1,9
896-34-0956,A,Yangon,2019,January,Normal,Male,Fashion accessories,21,1,1,22,Cash,21,5,1,6
804-38-3935,A,Yangon,2019,January,Member,Male,Electronic accessories,94,3,14,295,Credit card,281,5,14,6
585-90-0249,A,Yangon,2019,January,Member,Male,Electronic accessories,73,1,4,77,Ewallet,73,5,4,10
862-29-5914,C,Naypyitaw,2019,January,Normal,Female,Sports and travel,22,1,1,24,Credit card,22,5,1,9
845-94-6841,C,Naypyitaw,2019,January,Member,Female,Food and beverages,73,9,33,689,Cash,656,5,33,4
125-45-2293,A,Yangon,2019,January,Normal,Female,Fashion accessories,99,6,30,624,Cash,595,5,30,4
843-73-4724,A,Yangon,2019,January,Normal,Male,Fashion accessories,74,1,4,78,Cash,74,5,4,9
409-33-9708,A,Yangon,2019,February,Normal,Female,Fashion accessories,99,2,10,207,Ewallet,197,5,10,9
658-66-3967,C,Naypyitaw,2019,January,Normal,Male,Health and beauty,53,7,19,391,Ewallet,372,5,19,5
866-70-2814,B,Mandalay,2019,February,Normal,Female,Electronic accessories,53,10,26,554,Ewallet,528,5,26,10
160-22-2687,A,Yangon,2019,January,Member,Female,Health and beauty,96,5,24,504,Ewallet,480,5,24,9
895-03-6665,B,Mandalay,2019,February,Normal,Female,Fashion accessories,37,9,16,345,Cash,329,5,16,4
770-42-8960,B,Mandalay,2019,January,Normal,Male,Food and beverages,21,8,8,177,Cash,169,5,8,6
748-45-2862,A,Yangon,2019,March,Member,Female,Home and lifestyle,28,4,6,119,Cash,113,5,6,8
234-36-2483,B,Mandalay,2019,February,Normal,Male,Health and beauty,58,6,17,363,Cash,346,5,17,5
316-66-3011,A,Yangon,2019,January,Member,Female,Food and beverages,48,9,21,450,Cash,429,5,21,5
848-95-6252,C,Naypyitaw,2019,February,Member,Female,Home and lifestyle,86,1,4,91,Ewallet,86,5,4,7
840-76-5966,A,Yangon,2019,January,Member,Male,Sports and travel,13,2,1,27,Ewallet,26,5,1,8
152-03-4217,B,Mandalay,2019,March,Normal,Female,Home and lifestyle,11,9,5,107,Credit card,102,5,5,4
533-66-5566,B,Mandalay,2019,January,Normal,Female,Home and lifestyle,51,7,18,375,Cash,357,5,18,7
124-31-1458,A,Yangon,2019,January,Member,Female,Electronic accessories,80,3,12,251,Cash,239,5,12,7
176-78-1170,C,Naypyitaw,2019,January,Member,Male,Health and beauty,34,3,5,107,Ewallet,101,5,5,7
361-59-0574,B,Mandalay,2019,March,Member,Male,Sports and travel,91,8,36,760,Credit card,724,5,36,7
101-81-4070,C,Naypyitaw,2019,January,Member,Female,Health and beauty,63,2,6,132,Ewallet,126,5,6,5
631-34-1880,C,Naypyitaw,2019,January,Member,Male,Food and beverages,24,3,4,77,Credit card,73,5,4,4
852-82-2749,A,Yangon,2019,January,Normal,Male,Sports and travel,65,4,13,271,Ewallet,258,5,13,9
873-14-6353,A,Yangon,2019,February,Member,Male,Food and beverages,25,7,9,182,Credit card,174,5,9,7
584-66-4073,C,Naypyitaw,2019,March,Normal,Male,Fashion accessories,57,1,3,59,Ewallet,57,5,3,10
544-55-9589,B,Mandalay,2019,January,Member,Female,Electronic accessories,21,10,11,225,Cash,214,5,11,6
166-19-2553,A,Yangon,2019,January,Member,Male,Sports and travel,89,6,27,561,Cash,534,5,27,10
737-88-5876,A,Yangon,2019,March,Member,Male,Home and lifestyle,23,4,5,98,Credit card,93,5,5,6
154-87-7367,C,Naypyitaw,2019,March,Normal,Male,Home and lifestyle,65,8,26,548,Ewallet,522,5,26,6
885-56-0389,C,Naypyitaw,2019,February,Member,Male,Fashion accessories,52,1,3,55,Cash,52,5,3,4
608-05-3804,B,Mandalay,2019,February,Member,Male,Electronic accessories,40,1,2,42,Cash,40,5,2,6
448-61-3783,A,Yangon,2019,March,Normal,Female,Electronic accessories,90,8,36,756,Credit card,720,5,36,5
761-49-0439,B,Mandalay,2019,January,Member,Female,Electronic accessories,12,8,5,102,Ewallet,97,5,5,9
490-95-0021,B,Mandalay,2019,January,Member,Female,Food and beverages,33,10,17,349,Ewallet,332,5,17,6
115-38-7388,C,Naypyitaw,2019,March,Member,Female,Fashion accessories,10,8,4,86,Credit card,81,5,4,10
311-13-6971,B,Mandalay,2019,February,Member,Male,Sports and travel,32,10,16,336,Credit card,320,5,16,10
291-55-6563,A,Yangon,2019,March,Member,Female,Home and lifestyle,34,6,10,217,Ewallet,207,5,10,8
548-48-3156,A,Yangon,2019,March,Member,Female,Food and beverages,83,2,8,175,Cash,167,5,8,8
460-93-5834,A,Yangon,2019,January,Normal,Male,Sports and travel,46,7,16,335,Cash,319,5,16,5
325-89-4209,A,Yangon,2019,February,Member,Male,Food and beverages,88,1,4,92,Ewallet,88,5,4,7
884-80-6021,A,Yangon,2019,March,Member,Female,Electronic accessories,74,10,37,771,Ewallet,735,5,37,10
137-74-8729,C,Naypyitaw,2019,March,Normal,Female,Fashion accessories,12,8,5,102,Ewallet,98,5,5,7
880-46-5796,A,Yangon,2019,March,Member,Male,Sports and travel,77,10,39,808,Ewallet,769,5,38,6
389-70-2397,C,Naypyitaw,2019,February,Normal,Female,Health and beauty,84,5,21,439,Cash,418,5,21,7
114-35-5271,B,Mandalay,2019,February,Normal,Female,Electronic accessories,58,8,23,486,Cash,463,5,23,8
607-76-6216,C,Naypyitaw,2019,March,Member,Female,Fashion accessories,93,5,23,486,Credit card,462,5,23,9
715-20-1673,B,Mandalay,2019,March,Normal,Male,Electronic accessories,28,5,7,149,Cash,142,5,7,9
811-35-1094,B,Mandalay,2019,February,Member,Male,Electronic accessories,51,6,15,318,Credit card,303,5,15,9
699-88-1972,B,Mandalay,2019,January,Normal,Male,Health and beauty,99,8,40,833,Credit card,793,5,40,4
781-84-8059,C,Naypyitaw,2019,January,Normal,Male,Fashion accessories,61,7,21,446,Ewallet,425,5,21,5
409-49-6995,C,Naypyitaw,2019,February,Member,Female,Food and beverages,47,6,14,298,Cash,284,5,14,9
725-54-0677,C,Naypyitaw,2019,March,Member,Male,Health and beauty,86,7,30,629,Cash,599,5,30,5
146-09-5432,A,Yangon,2019,February,Member,Male,Food and beverages,35,9,16,331,Ewallet,315,5,16,5
377-79-7592,C,Naypyitaw,2019,January,Member,Female,Electronic accessories,45,9,20,424,Credit card,404,5,20,8
509-10-0516,B,Mandalay,2019,February,Normal,Male,Home and lifestyle,46,4,9,193,Ewallet,184,5,9,5
595-94-9924,A,Yangon,2019,March,Member,Female,Health and beauty,28,5,7,146,Credit card,139,5,7,4
865-41-9075,A,Yangon,2019,January,Normal,Male,Food and beverages,12,7,4,85,Cash,81,5,4,8
545-07-8534,C,Naypyitaw,2019,February,Normal,Female,Health and beauty,58,2,6,122,Ewallet,117,5,6,6
118-62-1812,C,Naypyitaw,2019,March,Member,Female,Home and lifestyle,78,4,16,329,Cash,314,5,16,8
450-42-3339,C,Naypyitaw,2019,February,Normal,Male,Health and beauty,85,10,42,888,Credit card,846,5,42,9
851-98-3555,B,Mandalay,2019,March,Normal,Female,Health and beauty,83,5,21,435,Credit card,414,5,21,7
186-71-5196,A,Yangon,2019,March,Member,Female,Food and beverages,80,2,8,167,Ewallet,159,5,8,6
624-01-8356,B,Mandalay,2019,January,Normal,Female,Home and lifestyle,49,10,25,515,Credit card,490,5,25,4
313-66-9943,B,Mandalay,2019,March,Member,Female,Food and beverages,29,3,4,92,Credit card,87,5,4,7
151-27-8496,C,Naypyitaw,2019,January,Normal,Female,Electronic accessories,56,4,11,236,Ewallet,225,5,11,9
453-33-6436,A,Yangon,2019,February,Normal,Female,Home and lifestyle,93,8,37,782,Cash,745,5,37,7
522-57-8364,A,Yangon,2019,January,Member,Male,Fashion accessories,51,8,21,431,Ewallet,411,5,21,8
459-45-2396,A,Yangon,2019,February,Member,Female,Food and beverages,100,3,15,314,Cash,299,5,15,6
717-96-4189,C,Naypyitaw,2019,February,Normal,Female,Electronic accessories,36,6,11,224,Cash,213,5,11,4
722-13-2115,C,Naypyitaw,2019,March,Member,Male,Sports and travel,43,1,2,45,Credit card,43,5,2,9
749-81-8133,A,Yangon,2019,March,Normal,Female,Fashion accessories,95,4,19,398,Cash,379,5,19,7
777-67-2495,B,Mandalay,2019,February,Normal,Male,Home and lifestyle,69,3,10,217,Ewallet,207,5,10,9
636-98-3364,B,Mandalay,2019,March,Member,Female,Electronic accessories,26,3,4,83,Ewallet,79,5,4,6
246-55-6923,C,Naypyitaw,2019,March,Member,Female,Home and lifestyle,36,9,16,338,Credit card,322,5,16,5
181-82-6255,B,Mandalay,2019,February,Normal,Female,Home and lifestyle,16,6,5,103,Cash,98,5,5,7
838-02-1821,C,Naypyitaw,2019,February,Member,Female,Home and lifestyle,13,2,1,27,Credit card,25,5,1,5
887-42-0517,C,Naypyitaw,2019,January,Normal,Female,Sports and travel,83,7,29,611,Credit card,582,5,29,7
457-12-0244,C,Naypyitaw,2019,March,Member,Female,Sports and travel,35,6,11,222,Ewallet,211,5,11,7
226-34-0034,B,Mandalay,2019,January,Normal,Female,Electronic accessories,14,4,3,58,Ewallet,55,5,3,9
321-49-7382,B,Mandalay,2019,February,Member,Male,Sports and travel,88,1,4,93,Credit card,88,5,4,5
397-25-8725,A,Yangon,2019,January,Member,Female,Health and beauty,40,9,18,374,Credit card,357,5,18,7
431-66-2305,B,Mandalay,2019,February,Normal,Female,Electronic accessories,88,9,40,834,Credit card,794,5,40,8
825-94-5922,B,Mandalay,2019,March,Normal,Male,Sports and travel,25,2,3,53,Ewallet,51,5,3,7
641-62-7288,B,Mandalay,2019,March,Normal,Male,Home and lifestyle,100,6,30,630,Ewallet,600,5,30,7
756-93-1854,C,Naypyitaw,2019,February,Member,Female,Fashion accessories,83,2,8,175,Credit card,167,5,8,10
243-55-8457,A,Yangon,2019,February,Normal,Female,Food and beverages,74,10,37,782,Ewallet,744,5,37,5
458-10-8612,C,Naypyitaw,2019,January,Normal,Male,Health and beauty,64,7,22,471,Ewallet,449,5,22,8
501-61-1753,B,Mandalay,2019,January,Normal,Female,Home and lifestyle,63,6,19,398,Ewallet,379,5,19,10
235-06-8510,C,Naypyitaw,2019,January,Member,Male,Home and lifestyle,86,3,13,270,Ewallet,257,5,13,5
433-08-7822,C,Naypyitaw,2019,January,Normal,Female,Health and beauty,79,7,28,580,Ewallet,552,5,28,8
361-85-2571,A,Yangon,2019,March,Normal,Female,Sports and travel,90,5,22,470,Cash,447,5,22,7
131-70-8179,A,Yangon,2019,February,Member,Female,Health and beauty,92,3,14,290,Cash,276,5,14,4
500-02-2261,C,Naypyitaw,2019,March,Normal,Female,Food and beverages,57,6,17,361,Ewallet,344,5,17,6
720-72-2436,A,Yangon,2019,March,Normal,Male,Food and beverages,67,4,13,279,Ewallet,266,5,13,7
702-83-5291,C,Naypyitaw,2019,March,Member,Male,Fashion accessories,100,9,45,943,Cash,898,5,45,7
809-69-9497,A,Yangon,2019,January,Normal,Female,Home and lifestyle,46,10,23,480,Ewallet,457,5,23,6
449-16-6770,A,Yangon,2019,February,Normal,Male,Health and beauty,51,5,13,267,Credit card,254,5,13,5
333-23-2632,A,Yangon,2019,March,Member,Male,Health and beauty,10,7,4,74,Cash,71,5,4,4
489-82-1237,A,Yangon,2019,January,Normal,Female,Electronic accessories,94,7,33,690,Credit card,657,5,33,7
859-97-6048,C,Naypyitaw,2019,March,Member,Male,Electronic accessories,84,2,8,177,Credit card,169,5,8,5
676-10-2200,B,Mandalay,2019,February,Member,Male,Fashion accessories,54,1,3,56,Ewallet,54,5,3,5
373-88-1424,C,Naypyitaw,2019,February,Member,Male,Home and lifestyle,36,5,9,188,Ewallet,179,5,9,8
365-16-4334,B,Mandalay,2019,February,Normal,Female,Food and beverages,26,8,11,222,Ewallet,211,5,11,9
503-21-4385,B,Mandalay,2019,February,Member,Male,Health and beauty,40,3,6,126,Ewallet,120,5,6,9
305-89-2768,B,Mandalay,2019,January,Member,Female,Home and lifestyle,22,3,3,69,Ewallet,66,5,3,5
574-80-1489,B,Mandalay,2019,February,Member,Female,Food and beverages,63,4,13,264,Ewallet,251,5,13,9
784-08-0310,C,Naypyitaw,2019,January,Member,Female,Food and beverages,21,4,4,88,Cash,84,5,4,8
200-40-6154,B,Mandalay,2019,February,Member,Male,Home and lifestyle,66,6,20,415,Cash,395,5,20,6
846-10-0341,A,Yangon,2019,January,Normal,Female,Fashion accessories,43,7,15,313,Cash,298,5,15,7
577-34-7579,C,Naypyitaw,2019,January,Member,Male,Food and beverages,51,9,23,477,Cash,454,5,23,5
430-02-3888,B,Mandalay,2019,February,Normal,Male,Electronic accessories,46,6,14,290,Cash,276,5,14,7
867-47-1948,C,Naypyitaw,2019,January,Normal,Female,Home and lifestyle,16,10,8,166,Cash,158,5,8,8
384-59-6655,A,Yangon,2019,February,Member,Female,Food and beverages,99,9,44,932,Cash,888,5,44,8
256-58-3609,C,Naypyitaw,2019,March,Member,Male,Fashion accessories,92,1,5,97,Cash,92,5,5,10
324-92-3863,A,Yangon,2019,February,Member,Male,Electronic accessories,21,2,2,44,Cash,42,5,2,10
593-08-5916,A,Yangon,2019,March,Normal,Female,Fashion accessories,16,1,1,16,Credit card,16,5,1,7
364-34-2972,C,Naypyitaw,2019,March,Member,Male,Electronic accessories,97,3,15,305,Cash,290,5,15,7
794-42-3736,B,Mandalay,2019,January,Normal,Male,Food and beverages,33,2,3,70,Credit card,67,5,3,6
172-42-8274,B,Mandalay,2019,March,Normal,Female,Electronic accessories,38,2,4,80,Credit card,77,5,4,6
558-60-5016,A,Yangon,2019,March,Normal,Female,Home and lifestyle,33,9,15,315,Ewallet,300,5,15,7
195-06-0432,A,Yangon,2019,January,Member,Male,Home and lifestyle,81,3,12,255,Credit card,243,5,12,9
605-03-2706,A,Yangon,2019,March,Normal,Female,Health and beauty,16,3,2,50,Cash,47,5,2,10
214-30-2776,B,Mandalay,2019,March,Member,Female,Electronic accessories,35,5,9,181,Credit card,172,5,9,9
746-04-1077,B,Mandalay,2019,January,Member,Female,Food and beverages,85,10,42,889,Credit card,846,5,42,9
448-34-8700,B,Mandalay,2019,February,Member,Male,Home and lifestyle,37,7,13,271,Ewallet,258,5,13,7
452-04-8808,B,Mandalay,2019,January,Normal,Male,Electronic accessories,87,7,31,640,Cash,610,5,30,6
531-56-4728,A,Yangon,2019,February,Normal,Male,Home and lifestyle,80,3,12,252,Cash,240,5,12,5
744-82-9138,C,Naypyitaw,2019,February,Normal,Male,Fashion accessories,86,2,9,181,Cash,172,5,9,8
883-69-1285,B,Mandalay,2019,March,Member,Male,Fashion accessories,50,2,5,105,Credit card,100,5,5,7
221-25-5073,A,Yangon,2019,March,Normal,Female,Food and beverages,75,4,15,314,Cash,299,5,15,9
518-71-6847,B,Mandalay,2019,February,Member,Male,Food and beverages,27,6,8,168,Ewallet,160,5,8,5
156-20-0370,B,Mandalay,2019,March,Normal,Female,Electronic accessories,25,1,1,27,Credit card,25,5,1,5
151-33-7434,B,Mandalay,2019,February,Normal,Female,Food and beverages,68,1,3,71,Credit card,68,5,3,7
728-47-9078,C,Naypyitaw,2019,January,Member,Male,Food and beverages,60,4,12,250,Cash,238,5,12,10
809-46-1866,A,Yangon,2019,January,Normal,Male,Health and beauty,58,4,12,244,Cash,233,5,12,8
139-32-4183,A,Yangon,2019,March,Member,Female,Sports and travel,98,9,44,921,Ewallet,877,5,44,7
148-41-7930,C,Naypyitaw,2019,January,Normal,Male,Health and beauty,100,7,35,735,Cash,700,5,35,6
189-40-5216,C,Naypyitaw,2019,January,Normal,Male,Electronic accessories,96,7,34,708,Cash,675,5,34,6
374-38-5555,B,Mandalay,2019,February,Normal,Female,Fashion accessories,64,5,16,334,Ewallet,319,5,16,9
764-44-8999,B,Mandalay,2019,February,Normal,Female,Health and beauty,15,2,2,31,Ewallet,30,5,1,4
552-44-5977,B,Mandalay,2019,January,Member,Male,Health and beauty,62,8,25,521,Credit card,496,5,25,6
267-62-7380,C,Naypyitaw,2019,March,Member,Male,Electronic accessories,82,10,41,865,Ewallet,823,5,41,4
430-53-4718,B,Mandalay,2019,January,Member,Male,Health and beauty,75,8,30,633,Credit card,603,5,30,8
886-18-2897,A,Yangon,2019,March,Normal,Female,Food and beverages,57,5,14,297,Credit card,283,5,14,5
602-16-6955,B,Mandalay,2019,January,Normal,Female,Sports and travel,77,10,38,804,Ewallet,766,5,38,6
745-74-0715,A,Yangon,2019,March,Normal,Male,Electronic accessories,58,2,6,122,Ewallet,116,5,6,9
690-01-6631,B,Mandalay,2019,February,Normal,Male,Fashion accessories,18,10,9,184,Ewallet,175,5,9,7
652-49-6720,C,Naypyitaw,2019,February,Member,Female,Electronic accessories,61,1,3,64,Ewallet,61,5,3,6
233-67-5758,C,Naypyitaw,2019,January,Normal,Male,Health and beauty,40,1,2,42,Ewallet,40,5,2,6
303-96-2227,B,Mandalay,2019,March,Normal,Female,Home and lifestyle,97,10,49,1022,Ewallet,974,5,49,4
727-02-1313,A,Yangon,2019,February,Member,Male,Food and beverages,32,1,2,33,Cash,32,5,2,8
347-56-2442,A,Yangon,2019,February,Normal,Male,Home and lifestyle,66,1,3,69,Cash,66,5,3,4
849-09-3807,A,Yangon,2019,February,Member,Female,Fashion accessories,88,7,31,649,Cash,618,5,31,7
